0x002ca84787ff8a0c645562836cab50103f6fe12e,10.000000000000000000
0x004971130b5b80b84c78051829cb8ff9768a4318,5.283700000000000000
0x0074709077b8ae5a245e4ed161c971dc4c3c8e2b,0.001100000000000000
0x00755a26fb60094d731c3ba9bf804f4178ea5bce,47.361600000000000000
0x00ad4fed5a3f2c2b24633f34e252e14021cf0182,17.082000000000000000
0x014dd9359276d5fcfad8e7bdcbdc0659f2fe7c19,6.800000000000000000
0x0184310fc3869e2c5f07b37dc7fb0266b1c83eb1,18.380000000000000000
0x018cad4a8b3cd7c43dd33137302a0241290f1909,28.982900000000000000
0x027a8ed30d38e10dab14ea71d11881ba117b50dc,26.534900000000000000
0x0289c3c2d30c71a05c15b7f340b397e7d6f6b5ce,23.788700000000000000
0x02b9f877e5c25b119372c48e35641176f51427f9,19.229300000000000000
0x02ce5d0a3fbf15099ecc7ce2c107ff08bf5c7c7b,15.182600000000000000
0x02d4dafe8ffafcc1ffc4ba04bad8189adc451705,93.202300000000000000
0x034db163f399b5aa5389003335d9a6987a1b0ae5,22.422300000000000000
0x0384615ffd6bc0491edcd0a4456f90309e332289,31.654200000000000000
0x038ee957152e30c158fea310ba602ac20851db49,98.800000000000000000
0x04bfb85af2cd45fe7407433b463826e41ad48bfb,0.849000000000000000
0x0536b6dd4a9a25faf3bf575ebdf8f849581f5733,7.938500000000000000
0x057eeab0ab2ff39f2f49268cc70bf3a75c5586b9,13.157200000000000000
0x057f705701c34997dc7adac59898204998f22deb,53.330900000000000000
0x0642404d1b26d2ff74fe9257738e7ca432784cfc,61.274300000000000000
0x06566f836c5c7858b0402d08033973906fc1cc83,22.500000000000000000
0x067cde5b772b6a3d4d8766bb04b17a517d53e9e1,41.040000000000000000
0x06a1aa03c180cff362ad51c69a4c60688013a990,72.138800000000000000
0x06c04711184b435d9e9db0465e3a84e0f5cd7721,25.134500000000000000
0x06ef9c2d29a1a6d37d0a8d36935616ca7ae5f3d5,12.350700000000000000
0x0701cd56b453b9130c5b6ef49ac6a7af17ac6589,51.983700000000000000
0x07d095ff9fcf13e086ab6d44309733e95daa28c3,1.029500000000000000
0x0873dc98cd50da062b4da8c4770ec662f777c677,10.000000000000000000
0x08855157be147cb11d46814a7c61677f0e9327fe,50.000000000000000000
0x08ee9549753f337d3056ce787ac0d06986853ede,31.870600000000000000
0x090c7aff16d1372879382af00d2463ebc27202d2,44.277500000000000000
0x091f595d9bbd3371575df9850849b429c255ac71,4.973700000000000000
0x097daabbc906f4c042950420385fde9028976b3c,67.000000000000000000
0x09d43e471fb41dd359962afdbfc6e69eb1f1ff30,43.415600000000000000
0x09f163c2ced1df14b268c6f683d77bacbd80845b,30.574800000000000000
0x0a757a3a2939046084a31fe434d2f23614a9ad3f,81.583000000000000000
0x0a7bfc99aca4b91f7ce1297c1d597797a984ee34,48.950000000000000000
0x0a84726d3dc8166ff7bd66097eb03591aaf57dde,32.836400000000000000
0x0afcd112179f3f756d9504f9ce1ef1a3839bc36d,16.581000000000000000
0x0b0b2f6a2a5176c5317359dd075cd24dac4d3392,21.126100000000000000
0x0b2da868a382679e86a23e2b94db7c2b3fae8ecc,0.000100000000000000
0x0bde693ab065debdd4c1ec483b1d6c2e460cf4fd,48.400000000000000000
0x0bf837f21c488946a2dd6853921d38b720ac380c,26.988100000000000000
0x0c1c52880aa5110f4c0463015c06f0a7b7942f8f,25.000000000000000000
0x0c48cacc7761ef57dc6efc678d3c3e88921651a7,42.646800000000000000
0x0c6a7223fca26c21f12a772b781e5852f5c3a192,0.000100000000000000
0x0ca067abb52ca906c1f152665e913190a7574831,10.788700000000000000
0x0ccb51db897d890b248bc5d3d1515281b7e13f37,7.064000000000000000
0x0cedccadaa5a61d76ff641baa9bca8248826af9e,54.085300000000000000
0x0d2be51e37f41ab88c3bc8daa8a517af2432b3f7,1.090100000000000000
0x0d8ef0f49ce025a482a6e984ad27bbbe2ed6f8ed,29.635700000000000000
0x0df0a509fafc7b8fb5d778537a6878d55e322e5e,92.584900000000000000
0x0e2e2980f6e9c008628419559355bd1b10d3da8e,56.231500000000000000
0x0ee9b402da90e07b6c986fd3205be4894da35075,69.059900000000000000
0x0f57518b8358fd04aaac53898b9bbd4d00ea632d,92.750600000000000000
0x0f771b816656a68e33c0778344d64647a1072412,15.148100000000000000
0x0fa6a51d8de2337f17b5006210cf6888f1b8c93e,32.928600000000000000
0x1057371f860b7c41fc17765ea40c3e8c5ff72ef1,0.924500000000000000
0x106ac878958304e93743ee1fe6edbc61e374e47d,40.158000000000000000
0x1070f6db47ecf1f298a0a61227e2916515b08491,80.000000000000000000
0x108c0070d0c626b9a1b76c77b88fbfa4f4fef029,22.000000000000000000
0x11158c30e7331cc2cbd6509be856fda36dd0b74f,8.077500000000000000
0x11cb182d9b6ffb02116f0983d120412db1784e23,72.712100000000000000
0x12955bee7e9c5d1cbdcd6078d263e994c9cc48da,1.384300000000000000
0x12ea6bc06b077c2033baca4b048169c14e99f23e,76.698600000000000000
0x139fc32c5911a6a225a2a4dec13878f13b5cb1d0,49.150000000000000000
0x1401d63b701cc49d66965f9163ba91656bba8e09,9.549900000000000000
0x1446469d78d880cb0d7d8727cec661a30a80ea7f,30.338600000000000000
0x1452450905b4c9f524968c2083662d4532776085,35.263200000000000000
0x14979484684ec896613d95b9281ca9014eb7b585,85.514000000000000000
0x14a169556a72d688a284e3536274115b21c9bd14,98.500000000000000000
0x14d04797a266f847eabb36246a9b665cdf16172b,28.004700000000000000
0x1516993c8d55fa50b837518fd4465e26da2a308e,1.054000000000000000
0x154cc160d3a0b634de6a7ee7fb740c6ab67e48b7,89.210000000000000000
0x159b42bea17917d25380f92b71c653ee2fbd7f2d,38.850400000000000000
0x15bff4f3eee21a80661a956ebe02c53300014190,25.000000000000000000
0x171b0e6fd5ac75833a473a4848b2a331baba480e,28.036000000000000000
0x171bd76df12453741f45869e3ab8c9eaa403b85d,15.123700000000000000
0x17373cac92b81c37d4104b42f95a5d261674d115,18.553200000000000000
0x17adc0c5cb35dbfd0ae17eb6d02332f00128886a,59.825300000000000000
0x17bf34a8ec5d087480de409986b95277b3f1ebe7,14.869700000000000000
0x17c5403510a917ecbc7e038d3b73c4b2aa53c0f5,34.476100000000000000
0x180a287e9f8b3bf2e2908db92b700845184e74ee,36.443000000000000000
0x1814fcd04ef41b6eeb73211ad9364c8510b8067e,35.267300000000000000
0x1887d821d463b9852ae27a6bf18ee92e080b07ad,70.204300000000000000
0x18bdd967043197e5d0af134cb0129e4447b22abd,76.474600000000000000
0x18d247450fafdbf0ecf9ccd324c3f549265e5d0b,70.300600000000000000
0x1928a29fef5d7b48d6e435feab603aaee74a2030,6.246500000000000000
0x193e74267dd4ea85bfb7a5fd4624e9549cc6196b,80.141700000000000000
0x1946c4a0c798c2568f1eddc7a5385b69bec6b73c,41.056000000000000000
0x1a4ba602a82bb59c3124f5ade6b77e93bb274b3e,80.075400000000000000
0x1a4ce4d1a1a3d9b4765f3196f518fe116870483e,32.228500000000000000
0x1a56e878e844cf9b64485ba9d86efd9d32b26f3d,62.836200000000000000
0x1ab260a4701864a004bbc6a423b8f4b78506562e,67.610600000000000000
0x1b0f4712c489764f2c3c148e1511747947ed23dd,98.350000000000000000
0x1c0629113955b5f35edeaeccf701dc264ec4190c,55.837800000000000000
0x1c30cf72454d184b74b0729d556d683b1d165a58,50.000000000000000000
0x1dab843a24777b043d927949f7166edad4d94662,51.547000000000000000
0x1db6cc170fe07d7f861b355bae5b269d5d4a3174,15.778200000000000000
0x1e20a49463dfa70363ec6c6e9514cae7e1802807,91.872400000000000000
0x1e58530eb2b5ef3e5a08f34e8d5e456a2ad8d2cd,9.600000000000000000
0x1e72fc560962e021ad42110f16633debcbdad04d,54.806500000000000000
0x1ed6f0826307dc04eac7ecf9182e93f5312f5d8a,93.632000000000000000
0x1f243c428dbdfbdbb193ec8a8dd2cde3a83e6dcb,2.000000000000000000
0x1f34d51bdc02e193ab50455872e49024fb826258,1.000000000000000000
0x1f59fabd2013d62e9c5e4d31447f0404316ee0b6,15.554200000000000000
0x1f603f62e2e4b0e2e99c8becb0162039ed9963bb,60.000000000000000000
0x206ac2c91ca47d0f6645b9e2f0ccfde275f9b28b,39.252400000000000000
0x2265bfd7b84eea592c6356d67608759125e4fcc0,9.570000000000000000
0x227a68be8d5ed47772f1d0151149d7f4cff7aed0,50.500000000000000000
0x22d0ee201a771d5670ff08d7d49bd6606a74376e,81.406600000000000000
0x22d39b48fb1460ec8f47d2c5df7654cc27105efc,7.781300000000000000
0x2320e5c7d1e1cbc8f61e78888c01bf3eadbce7de,75.657000000000000000
0x2491a63c59bfca745e18850a1999c5bf52f9fa5c,79.220000000000000000
0x2493bb40cb7bff53f390b3cfb3472f5562fe2215,26.664300000000000000
0x249d6acbd30c8c5b221dc9db5e4f53363abf5aee,55.070800000000000000
0x24da04ba3127c891e39a85a10dbde1e7946eebe7,29.319300000000000000
0x24ef33d383b19604d06430b6270d3767cec07fde,12.586000000000000000
0x2511afcd73ea23cb2a0f57c5fea39971b55fb683,62.336900000000000000
0x259ab78448d174079b23e656a03f9a3b692d4bf3,45.185500000000000000
0x25d4fea682d9f4eef35168d6ff78b9b5718bcfef,4.998200000000000000
0x2639cdd190faf2651f8298973e77cd053b886e72,53.100000000000000000
0x268df163dbf718f1847c905b705689aa0d538586,1.000000000000000000
0x26ab7ee2c76fc89abcf314f2a0f497638de3a001,43.940000000000000000
0x26e785cb16c081b79b22b8bd539fe20a7639b46c,35.878500000000000000
0x27a3aa3befddd8aef049a04defa8021f90581779,48.500000000000000000
0x27f813a2c69113fbd49e12543db84d979d1a2bf7,8.370900000000000000
0x2824f7130c4310c36297119ee83f90c30ef3ce5b,51.930700000000000000
0x282699d0ebda912a53d3f16725b5f47b93a385de,16.000000000000000000
0x284c95a739a4731c9a12799898590c35568b76d1,24.243400000000000000
0x2855f33a3f77c4f59dd8a37c59428a28d9944b6b,10.000000000000000000
0x28d6632283bdeebea1f972f9cf95af5f186fbc9c,42.096000000000000000
0x2937c5649f545d5f9a0e2ae794e1275f043c4ac7,24.897000000000000000
0x299df6862caa09ab086121d9f557a26033f07747,12.953000000000000000
0x29f0b36545feea6b9deb636dc488acfafe69bb00,51.517500000000000000
0x2a0fe3f4a9bda671400e374debd4cda8f4712072,9.157100000000000000
0x2a40e5c9cccd7297cae1ba85d0be3ba2983f00c0,58.327700000000000000
0x2a64f5825e434d7517e8eceaf9162bf6e0c5af6b,0.115500000000000000
0x2ab2527ddf851ae2e9f4a09e8be1fadde2b7c235,52.794000000000000000
0x2af0901250e2bb380e90e9b1ae7942440b3afdb2,59.407800000000000000
0x2af56457c4a35b2d870141d6cec38a3842505a1f,0.000600000000000000
0x2b12eaa4d3b71c95e6259b33d3d4ddaafa65c7a9,41.629000000000000000
0x2b4a83ac1c5d523b4cd9b91a083f6e7252f1fbdb,5.200000000000000000
0x2bbc1ac4240c83d551e7aded0595566566d2ba68,98.084000000000000000
0x2bcd99ed2a50dfd1da18187a19eb3a373902562d,45.179600000000000000
0x2bf6359514d3dd78b0c1f466adab7d779f523327,10.589000000000000000
0x2c5bc4e879fde133e824fdbe632b31a774f8cd65,14.600000000000000000
0x2caca4c9dbba4321207ea58987297d22451ef8cd,87.320000000000000000
0x2cc1fe8f8d833bddbe83a67a71a3d614bf3bdcd6,20.279000000000000000
0x2d12f1fad11ca212fc686f31271af3b7acd61659,14.348100000000000000
0x2d22023671d6bbbaf3320a430c8f9e45a2719607,29.799700000000000000
0x2e85ccb45a8f3d12e352a9f196b3fad40a2555e0,20.687700000000000000
0x2eecb2f477f834cde556a1f273285152414f7ab4,50.000000000000000000
0x2f311affd7008b41ab590feb69ba3ad70263c5c4,68.637400000000000000
0x2f4083f946dd3649c38f4cb3b220518b42aee479,4.925400000000000000
0x2f88fc8d529f1edec22ac417202caf479caf0a64,29.739700000000000000
0x304a002b6869873d34895c41bfce5aba29aef594,38.958200000000000000
0x3215e1040e22d9da20ba85ab0a431becc6e643c5,9.500000000000000000
0x32833657d052e698cd4d3c167522587c91391ab3,16.000000000000000000
0x32e567e8b527d3194c60ea3c6a5c009d58a0b36d,24.185500000000000000
0x335becdea67df5d06897d7445288d1e6a58b4b9f,16.500000000000000000
0x3397546a133d33550a74c53e0bf9e187a6c1e2b9,16.954500000000000000
0x33a5109b7043e3cac56a095e6789ebb4c0e90c55,30.000000000000000000
0x33a54ae8215e3817c8970fd312ee75f598e02211,2.000000000000000000
0x33b598a54145e73f2e65bf78d2a6617d188df2e5,33.863600000000000000
0x33fbf8ab79b344132d1c93452f399db951fe8f03,6.030000000000000000
0x3409ae7135a779500eb2b38e11ee166fe535bf7f,75.204500000000000000
0x345b3142100500068bb0d6ab4c35d0b9395d7084,99.900000000000000000
0x348b1e9415e9daf5a1777af562d066f942787d5a,89.510000000000000000
0x34c5170c99f4ff796d2b2e14a58f0facb005d2d9,68.706400000000000000
0x352039606c89b403571f62bbf359ee2906abd8cf,61.432400000000000000
0x35d05ba6535238c2dd5f48bceb2ca3e4158bc3e8,79.776700000000000000
0x35e8942d231382ec682584cef7f7ca93a6eb92c3,1.000000000000000000
0x36216597aad0c3f579c80decb439564fcb130ef8,57.681900000000000000
0x3697f16f954db609c85724cc771e4db135c94314,61.930000000000000000
0x36ae02c0a243c1021d9b9bd675802bf49c4162df,90.000000000000000000
0x36ccf35e6a3c7001d3faa788caf9562d872c9004,63.000000000000000000
0x36e101ef92be6d4f1ac616a93959dd04ea5cf988,98.900400000000000000
0x36fb437cabf146ff50817ad2e212f4b53bad1d25,33.965400000000000000
0x381636477f536edbc4c118cfe8f63803d348f9c6,70.155800000000000000
0x3877be38fdb14f50b83607171db1b6244f2006b4,23.342700000000000000
0x38cbc31d60878aa0af59ada52d61741481897483,61.584000000000000000
0x38dc51365ca83012c107053c2e033906d19ae468,51.560000000000000000
0x3989cf92a405f47e6f41f6f3b317346e2020ff00,29.500000000000000000
0x39c76b3e759499d72afd88ba6e7c7295ab25d089,26.981800000000000000
0x39dcdf1256a8a020d0d058358e875da0c1aabf8d,14.165400000000000000
0x39fbbdacf9493e4110ca43e71149a593036d6ba2,23.789800000000000000
0x39fecaeeb638c51831966a1ae4a13170afa2d84a,59.924000000000000000
0x3a13cd397c35ac4576a9c13dff5845b04810ce6b,0.000100000000000000
0x3ac318bcdd69497c68e6905d03e97c8b14d52d5c,1.000000000000000000
0x3bb7fcf894cbf13f67e33f844bf2c75268bd2dba,59.500000000000000000
0x3c1226b159e3909080aa715b6f1e0f52e6c43600,74.447200000000000000
0x3c5069425d31fa536601f82de98dc25152202f3d,29.552700000000000000
0x3c8785980edbc0164c1b39eb373a8b246a3666c1,0.000100000000000000
0x3c92c81b1fd9d1f24c2f4a4378328ec92f2c98c7,49.594600000000000000
0x3d0385b35cc73340ffcb14ae3b7452a8673bebef,76.046600000000000000
0x3de4d5e7f3d953b366a99608431f070ab402c384,15.400000000000000000
0x3e070d58e337f442f6cdffe79319d03a6593bd2f,29.369400000000000000
0x3e14c6692148bc32d6b81693a7309730747e56b7,78.515300000000000000
0x3e8bf5d211c8595ba2a2fb88596490c431ae45c4,92.758200000000000000
0x3e9a40c5a831ba4aae9be563027ad152956e4850,90.500000000000000000
0x3ec87e43c336790a81f213f6304e5d0bbf81246a,29.700000000000000000
0x3efe96ac8690f8598b465fdfe5442d4a80bfe8bb,2.429500000000000000
0x3f9c12d5f3e504e0cba93059739ef9fc7447aed8,76.202300000000000000
0x4016d0643c042085d1eff3d2b6affe395aaa4bf3,89.675700000000000000
0x40f324e37859bb615038b3d5ea167c5059bcec87,47.806500000000000000
0x41399c91a8d1a79790d9fd8202b48e7ced5ce9ac,70.607300000000000000
0x41a244f15ec1e9a01416090c28691ad070957a0d,27.991000000000000000
0x41a4e7a3cc17c0992f633d72abefb3eb45188f72,53.500000000000000000
0x41b554cd14ec562f2b6f892656306f5db33bc660,67.050400000000000000
0x4238cd8a5c5cc8e2f46147a385301414e5aa231d,23.975000000000000000
0x428668a7bf72e6632820b5b8ea96b4818961d64d,69.329600000000000000
0x42967ffdaa6086ac48c73a1a9d82b9086f46c313,16.578700000000000000
0x42c2ac5948ae91fc1854de9c323bb8207990ef3b,79.163900000000000000
0x43aaa81ae0746ecd9bddc7cc79e160eafdb55de3,32.620000000000000000
0x43b7550f6be3ec14669b626e2c7431f0dbc591e7,23.134000000000000000
0x4408dde31b0cfb05f8e49168e77b2cae0bcc4f98,40.348900000000000000
0x4447e78457e3f4322b3155fac4a6b4ed1d1b3a22,47.926200000000000000
0x44b92ce1993431327ff20fe7997a1164094a4599,2.120600000000000000
0x44fafff337cd61053a378b6474cb98e855a0d9df,13.175800000000000000
0x4510f902e928befedb6babd498a2a42f26f3a3b6,37.730000000000000000
0x45654e832315d26a482d2874985afc56bc1e767a,97.178000000000000000
0x45be5256c2b2c628bcdcffa3e9960ee66c5492a7,8.069300000000000000
0x46ee2d05f88d1d900a0a6381289368ce447ee366,22.824200000000000000
0x4781749d4eca0fe44a30e797dea4ce68af10075a,2.597100000000000000
0x48e61bc4c144936296b2f3747587ec2e2d4c2307,63.136400000000000000
0x48ef7c9c6ada7cbfbc15f1952f220209e90cb267,60.391500000000000000
0x4904ea1fb40b45c917b2382dc1c56cb2a8638e80,0.407700000000000000
0x4a8c14cbad08ba78dd02ca05faa7925367c4a0e1,50.470900000000000000
0x4a9ba87a16d103c951c5fa10d5831685cd756441,53.925100000000000000
0x4bfc307cedd27e8b5a08d2debf1257f7608f1b22,50.000000000000000000
0x4bfcd18dbcf40b5e714570a4ce6ab26ec6b2e8b7,2.868900000000000000
0x4d4d6a6a99d92a1ee21b705cee02aae3e96a33d9,26.000000000000000000
0x4d839cf8817ef5380cb3791baf5d439709c753fd,31.389200000000000000
0x4ded24e30f891f2d4e35248b4f10619764c1d795,69.999100000000000000
0x4e3f7210ae0540c871064b6228b3d77f7d64259c,5.000000000000000000
0x4ecdc79cf1bf1fb971a3666aa181d4ef1ed7df98,19.396800000000000000
0x4ee8fc24bf84bf920ebd624e4ec6c082f0ce5894,83.071400000000000000
0x4fc3a189792833a56fb30baff77bb3454b40120d,1.611600000000000000
0x4fd0f3c533dbd19c732576329717e6063cb42d48,54.000000000000000000
0x5025a69e28c6ef49702537d5958c0e8b2a9471e2,0.009000000000000000
0x507524e96d64af9b55e422a86bbc649e6977e3b2,66.103400000000000000
0x51511fb3db0d72f10f55b7f127719f15752e5cb4,1.025600000000000000
0x51547ec9917e5d77901dce5e85f14ee548f06b8a,78.738000000000000000
0x51bf0041bf3b4919d1d1ba86476d00bdcdae1cc0,67.893500000000000000
0x520deff071bc7dabbe8979d3761da31947896d8c,63.635000000000000000
0x532770dae6efa355df29226e3dc34ba011a81ff1,48.781900000000000000
0x53b015573630d248a32b11b21e5443efb92d9cfb,28.937400000000000000
0x53be6af55400110c32662a241ca14d347c8317ad,34.600000000000000000
0x550a9053a03a05ca02734a577fabc48f0e5b7c39,45.868600000000000000
0x555813de0bca418a07596671324a18f130e6628f,11.337700000000000000
0x5575c92bfdfa0d20439969afd27fcb454433d070,54.092300000000000000
0x55dcbc9b71f229d7a09374232f5d9dfe2c428b37,0.000100000000000000
0x5632132600abee43f74c1873b6e4c31df99aeb56,8.116000000000000000
0x56b363d38a6047580a8dd536a0f5dd0b9be1ef56,73.129500000000000000
0x56e6d0a9536cdf868edce3430ccd485b270354b2,20.420400000000000000
0x56ea51e2c5775e0e0d5fc29829e2984a403c03c7,59.000000000000000000
0x5789a3eeeb13dc37ea7a4f2838d1ab0ecf3143de,16.432900000000000000
0x579df11aebab1aa929bbab7fa225aad34bdc22e6,30.000000000000000000
0x57a57d1bf2a3f448b2d7d2d033470ebbb8fa982d,35.112700000000000000
0x57cd89e6dac9bf11e9bce77af72f79435ba0314a,50.436500000000000000
0x58fad98f22f9834cf31ff069d659b278a9f5447e,8.171600000000000000
0x59084aa9e77233f8301550140761290b30927194,95.300000000000000000
0x5925b248e16fed77d353931f00330a334261c13f,8.091900000000000000
0x593fe14a9295490f109eec62f6334348bb75f0e0,24.363200000000000000
0x596a99872e51dc1039e157f02ce2e77171d09614,71.704800000000000000
0x5979d0b6f493de67736b14dc9a5dc2c67aa34c6d,3.030000000000000000
0x5a346991629ef6beb96b1a8f65890b3a885df299,0.900100000000000000
0x5a868615fac7a205910d84976cea27b1430eaae7,56.095600000000000000
0x5aa4281db4230f6215fc4a03302fe61f4e66eb22,12.000000000000000000
0x5b4ba51c267a7fc82de27e19b43691fced586ca1,86.260300000000000000
0x5b5d074843998c682c9cd1a983c5bbc2d53b6a2a,2.522700000000000000
0x5baeac0a0417a05733884852aa068b706967e790,18.338600000000000000
0x5c013f24942c3af1bbcf4bee1e7f1f764db1a0c7,52.522400000000000000
0x5c0631dd85323e0e6e4e7b3aeff69d7dd156afbd,51.096000000000000000
0x5c55d242c9959894d24e98a687c2ea4af7fb2268,10.192100000000000000
0x5c6e8c7f859813819c780391a94f495b113454c8,20.000000000000000000
0x5ca57b7fe340ad29a411790513507ca1565efd17,62.389300000000000000
0x5caf2837c33f9ee8e69a8df330beb05c6d690477,17.500000000000000000
0x5cde0e17c49a1a71f41a92ed0411036c64339516,30.269000000000000000
0x5ddbdbf5ff31bf438803dbad69e8f4cef56e939e,10.396700000000000000
0x5e0e63c5af50a37d6246f646e565ce65bb15e3d2,37.981300000000000000
0x5f3160f677e5422fb15373ea6ca484b270296821,73.327900000000000000
0x5f36c47bd6d8c14237814d4f690714c93965e63a,80.236000000000000000
0x5f456335041e7004cbd23ff5c212f2312e8c495b,44.434600000000000000
0x5f680daec0ab1da6a44de4cec6f0a6bafe4a5866,32.174000000000000000
0x600f2a82b367924986a49504b850f1ca49c4c2ff,79.500000000000000000
0x60b8702470326e52512644bb23ce6996ed41fdc3,48.530900000000000000
0x61390d2bab7130d4327ddc153b9a7146d28af3ed,51.601900000000000000
0x61aadf9ca2bde95c9fa7ed5ec1d98ee937d6ea88,57.742500000000000000
0x61c098b96c35e085435320e03ff4ec8f51f9d5ae,32.775800000000000000
0x6215198dcc983f3d1939ee5a8668da6f89b630be,26.694600000000000000
0x622fc911e878259379a079d7b076c96364aa1bf5,92.500000000000000000
0x636ba5bf566cd11a595c40731853a3a25273921f,34.101800000000000000
0x638f12291243598cc02ba7b887f9bac2499a48d0,68.473300000000000000
0x63a128cf34afe78feb7fe6a87978b9f5ee12af8f,65.534000000000000000
0x63a8a775df52266dbd643b6ec7d841855830ed95,81.150000000000000000
0x63d2ddbcca380321c7cd1539540c02cb6368c601,67.268000000000000000
0x64367ff51f7f73b27ee5826dc0ba1fde28c6947a,99.800000000000000000
0x645483c826bbf7a810f2b0d0755d0b7144d1b68a,63.400000000000000000
0x6466a74e48d80699dd8cd7b2ed3e88b0d54dd76e,56.946800000000000000
0x647a03fda6ea667bfe3b71a3e981656bb4de385d,33.532100000000000000
0x6480c79b4701aec35738651783fa8c27f8b542b3,99.500000000000000000
0x6497a1ecb6f1d8d917d577007dc4045040c36d4a,5.000000000000000000
0x64ade395c8cd872641e13729e8fd85a6558d2dab,59.140000000000000000
0x64fcedb8bced2f8cf4de158826a3e1b0aa36f0f8,29.745400000000000000
0x66cf0f4f292b4de136a214c918a31b99bd5d603f,62.620700000000000000
0x66d46562ab8a8bd60f4bf0c1e6ab2f2fd764750b,21.996400000000000000
0x672ba8ac5878468c890ba3172dc3ac592254c7e9,3.143400000000000000
0x678e56d45b6d7504fb67ae7c4093e8e366bb70f5,56.445500000000000000
0x67e4b4c8775e8c8d3dd8814b2c419d7bb7563d76,26.257300000000000000
0x67f3d3394b2dab16998deaf0b251b87e0a0f5173,4.000000000000000000
0x68538a0714d660779d7f65a2f07165702c37b5a4,16.357800000000000000
0x68af1cfdd1372c31373c5c9d5cb0f37c213f9d20,12.603600000000000000
0x69b553633954a546e33757ddfb74e5666ec9fb22,50.650000000000000000
0x69bfbd20720254a53acc80d3abc008d755f28939,1.607900000000000000
0x6a00e978a78092e09434e4a2814da2c2c1268147,59.050000000000000000
0x6a4ebe20da21b7c3061a2cff2840623d5b4e1214,58.848900000000000000
0x6a5a3e4ded5534e5faf1d43957e0de518c1cb501,29.289600000000000000
0x6a6e73fa8f07dc3ea9312926abf3009dfc4c8349,23.909600000000000000
0x6ab8895dded044a52bfa456840b0530b3613a4af,15.000000000000000000
0x6abae039b9bdfb67495a0588cb90f9eaf5f7556c,21.995200000000000000
0x6b2724cee1f07c218b18183e813bb84d1529d545,43.696100000000000000
0x6b5e3557d0e06815cb2fdcc62888df896d2ef2f1,28.200000000000000000
0x6b5ff632e5ae79a65d516c7527121cf8bb1e9cfa,4.933900000000000000
0x6bdc1299fb590a53e5dc5011ca210af7d5956a58,34.600000000000000000
0x6c9ba0eb0fd8a740695f55e74d4aca191c187973,12.480700000000000000
0x6d0f401af1df5510b423267df47c0fe13ad3b58d,73.616700000000000000
0x6d5bf328258f0b354bed3e9d3cd611e226b5f32b,79.841800000000000000
0x6d9ac317353b46b30b321bbd27bcc31abc6ad99b,60.691500000000000000
0x6ddc3cbdc63daa66c8cc902d7a8153e0f8f5dab2,75.457600000000000000
0x6ddebad12dd4e0432d96a038abc35ec8da086aa2,82.491700000000000000
0x6e648dc0f3fb192d31b11d1fc76507629dd9c8b4,35.238600000000000000
0x6eab70fa61d5f418003c3e44cd62d6b1fc11b75c,0.936900000000000000
0x6ee416103a6a42f2d92afb15040cfadecf410efc,21.977600000000000000
0x6f24849980207f084189c307f3cd5ef0a32137ac,5.000000000000000000
0x6f8226ab4af80577676e22e4fdc81ff4ba311df7,25.127700000000000000
0x6f9ec267f1a1bc777d4b3c16b26f38411b81744c,69.157600000000000000
0x6fcf3d1ce3c1ed5f56e10b9c2aafc79894315047,12.700800000000000000
0x70078c6883f48a3a9fae1324825d3f0f9183f4b8,1.832900000000000000
0x701b1b70c300611f814d5ee4f3bf700b7614df02,20.579700000000000000
0x70c1ebc5f86ba7f69a5f3ef115e01745de3175bc,55.383500000000000000
0x70f5fc300b9f8331ce50ada7f240dea69c335189,51.962200000000000000
0x715d159eaa7d27f536589424b561c341a35516ff,0.000100000000000000
0x71a9fa4b0b060fce1bac0bb7bd8a93880ab4e813,29.694600000000000000
0x726bd05241daf7c7c73ed482641e02a2a1bccd0e,3.620400000000000000
0x729b1b3259ca34eeea57f4af27c596dc6ffec96c,24.480600000000000000
0x72d17053a8378694200442c900841c6aaa574894,30.708900000000000000
0x73485ffc013b857cc56e75893640231a576d5e2e,16.000000000000000000
0x7376a76e07c46b5d979d3f0f9f47d68a4dad1da7,5.105400000000000000
0x738341ccfee244531ea6f4c99dc8f51277ccc728,50.000000000000000000
0x739db80a5ab22ea18e31577915c6ab1225efa6d1,77.010700000000000000
0x73f28373dd0fa9816093c4ddf2ca97bd424a2bc2,46.231600000000000000
0x7444917d446cfd81daa373e6bd7681c631f94c3a,7.830400000000000000
0x748148277987b8e5e1820872eed296c84d5e7b09,72.616100000000000000
0x74bbf334d790d3a541cb9d248bfd8902ae16e2d9,33.331100000000000000
0x74be35f027b8504cfbafce7e1307e1c6018fb5e8,19.500000000000000000
0x7624496db6d20c4b4839c85640f462c4d9a18f72,29.190300000000000000
0x7635b7bf0f9dbbeb997a3a2116e8be627def3e4b,40.869400000000000000
0x766855ac6546472b1b23e0b7a9230512e2be713b,25.000000000000000000
0x767dd9c60577e4cec8992dd37611a3378809c3d9,48.111000000000000000
0x76c09b6d458b51e883cd9afa5a6b133158091d49,40.282100000000000000
0x771462ca51448672845ff72beb87195011d33e94,60.923200000000000000
0x77a146fd21b2e83df0c4591993ff959c30eb843f,37.631300000000000000
0x77baf7cb7f97b82b87a10300f61ab06945b91b3b,29.880000000000000000
0x77d55cacab16516886160ce1a7db8a1bf80e427a,33.817900000000000000
0x785748a7f3d01e22f981252dd4a02e77e40c7d8f,6.962500000000000000
0x7861b7025aae305c9cdefe05a79429d641d7838c,24.400000000000000000
0x78692c81a033807231579514569c49fc5f8572ce,46.594200000000000000
0x7969f6c87adab2a3d1fc590998a95439dfdf3834,15.800000000000000000
0x79c135874009a23e5f6e14ea12ebd222698738f0,26.573000000000000000
0x7ac44a4e9aaee26ee07fdc16db1dbf945d1dd41c,35.000000000000000000
0x7ae1fc1f7af0f5172196f8a0cf1d4f0ba736e98e,31.861600000000000000
0x7ba43acdeff9582f44bd07bc12fd308b74c35e19,38.489000000000000000
0x7bad74443e25162be43bdb2c7f8e1e32da303bd6,99.500000000000000000
0x7bf0c24b3d666b2e5c5c7d804c3c5c79edf1b5ce,0.000100000000000000
0x7bf9a10f005164a7eef5434cacb3b9d67c44545a,85.559300000000000000
0x7c54c469d7d1687dce6f8b4e49ad8f0debf18713,5.650000000000000000
0x7d0998ab31b5e0d408550d7c3fedff6df9e4ad08,60.130400000000000000
0x7e6d802acb10dab5ee1b0eded58b08449f7c4838,24.909700000000000000
0x7ea417ca871c730801799d19969e18cf2df15ba5,90.000000000000000000
0x7ed2379313fd19a689f7aa4d59a7b1b810e08599,41.908000000000000000
0x7eecffb050fbb238b5b27de4100e30fa613d7b71,81.644500000000000000
0x7fb69089e776759428ca3738b1ca2df863893b97,17.026900000000000000
0x7fb8c97d8d5edce6e09de534ba09952637c25d81,0.600000000000000000
0x7fe8f6b9c26308b4a127f6d8ed99ee3c10ab01a1,1.413800000000000000
0x80150f2922dcfce46aeda9ad69cf0ba10ff0b907,49.500000000000000000
0x8023de3074093edbce8fbc629313dd56fbc9a78d,10.866200000000000000
0x802b05c102ceb9f8f53640638bb077c064af564c,78.107300000000000000
0x8074aff202fc5fff5a9c2163602270a8ed52c6d8,28.009600000000000000
0x810d80bff5966912ad2f91a804eb6e4d69b7c003,25.106200000000000000
0x81321641b006f8a48efab6264190678322c7a951,83.608100000000000000
0x813dea1126a7f3ac15c964fd78965949e1473114,28.547600000000000000
0x813ffa7ed020ead8ccf017d11f5a76f8cc7be232,66.157500000000000000
0x81b57e2f0413d93abb147f09753e48142457a00a,0.665700000000000000
0x8222903e570e6d01506d47730bbb617bcb9c9a4f,45.469900000000000000
0x8238f53abd078bb84128debb248b3317e7fe1ab6,1.000000000000000000
0x8271b2e8cbe29396e9563229030c89679b9470db,2.224400000000000000
0x829896e86b50e4fc740624b3cce9349724e7222d,70.000000000000000000
0x83c26675b46a2bb118ac5f6eb9fbabea61a05e7d,68.710000000000000000
0x83df61a8194ecb7fe7045891890d6f6ea6d97850,24.175000000000000000
0x840583c46934d1aa956e8a8f42a67d3a7cda13de,17.346500000000000000
0x840a890620ce703b24ecb1aec18e7038ff75c243,74.225000000000000000
0x85133cb2ebff819253436cd14631f5550525f34c,69.550000000000000000
0x85be369225b9fcad5af1e81ddbcb443451c1c24c,99.578700000000000000
0x862b7227027dbed9b2b828d66a7aae5be92c8cac,17.992300000000000000
0x86553e6af66dcbbc3d212931e7da89698de95129,14.719400000000000000
0x86564251bf19281df097a99f6dee77ab04e28f77,37.494800000000000000
0x867cdec391728c7f89022d401920594d228cc513,25.000000000000000000
0x867ed7e452aaead455a879dddb5b53611370ce6c,22.277300000000000000
0x86c89590906641afa35e7544a2b7ceb273cbc556,2.258700000000000000
0x86e2ea26095b6cc55a1815f0088fe4dd64fd80b6,11.631400000000000000
0x8739ee494dd8c5947fbcea7b25ec9bfdfcc51ab1,44.600000000000000000
0x8773e89b262a3075ddccb7e45b787964623935b9,11.073200000000000000
0x882ddb2fe61d763f35484889243c2d7d5796060c,89.987900000000000000
0x883a7eae611d3817b8a29d8f5ab80cf460f54593,11.588000000000000000
0x8863429f11caf82539fb5e9ae4a14acb89a80593,28.498100000000000000
0x886db66d0217cd9de1cbf7c94831c96d66788409,13.831500000000000000
0x8881a0c2b9f1d54dddbffd9d4ca60e883dc19253,48.850000000000000000
0x88a66c3d9e0f1862125d0d345234f32ae66ed4a7,23.000000000000000000
0x8996bfe1048bd0a402ad17b3bf91db0689dc4335,14.043800000000000000
0x89e59ada790fbb6acc20542a78538d409b83853a,35.893200000000000000
0x8a6a0380358a5bc7e0ec97274f0091368a9bcf57,12.705500000000000000
0x8a7959b6102db310f825294dad7a7262e388bb33,5.312100000000000000
0x8b1809c71f9460e210ad18f9f621ce3ceaa23dea,29.790700000000000000
0x8b86e3173f8513be9ab583e1aae3f161e86379cf,66.874800000000000000
0x8bcc55debde47f741072c404269997a30774c123,31.600000000000000000
0x8bf97c47f4e8e95e3220d75f3438ec7b54f002d7,30.000000000000000000
0x8d727bcd8fde67a5e585f105e565b8b87708639a,21.182000000000000000
0x8d98efaa6b1bba5fabb14a195d0f8e8070f5e7b5,45.790000000000000000
0x8e2cee2d6b6268837c2af79892d0c4c7e671fceb,18.908600000000000000
0x8e31624b197cb9a18aaad2155d4537a4b5ca290c,91.947600000000000000
0x8e58ffdc6541b60b9a5056f7110ea1dc7a8a86c4,41.420000000000000000
0x8ece8e6534f71524f87511c544ac34810c122dff,29.261600000000000000
0x8f128c0f1275362ae90bf7f6d7e0f4702744354a,72.607200000000000000
0x8f72a7e2f965b7fb70e146057455ab0dd11ba3cc,50.000000000000000000
0x8fc105d5e5f2a7acecd8441a8c7c3f4616c94c05,55.900000000000000000
0x8fe9755224385a212f96d40184c030602ed65db4,33.466000000000000000
0x8fff70f4858b38d20d44509e9c8c38868ad4b5be,25.000000000000000000
0x905ff7a72d46aed0aaa7a6ee421638678107d56a,33.997900000000000000
0x90b868f8ac7eb8e95cfb8f91bb156bac81c80a35,51.198300000000000000
0x90c5408aaf07e81ef2d18e24394dc377a7f1fca6,24.020700000000000000
0x90c5ff10eaf8c903525e785243808860a06f0623,51.947000000000000000
0x9183ae1c57098e288f48c6664ebad33ea2baad72,48.091600000000000000
0x92094477b2fc061b5fa7f142f0d3305789829101,73.036400000000000000
0x926737e3a8492d138a17f661e1fe799a0b66dd99,39.564000000000000000
0x92e0b77e9ae0c1945eaa5128cc4fe1f1970db284,1.000000000000000000
0x936714453c49ab731ea57701ff6113642579538f,10.248000000000000000
0x9382dee21b4e827061aca2b3de18174b8dd5725e,6.230100000000000000
0x939c3d23a7b6c71652b9ac93bfed2529d5b8e577,28.143800000000000000
0x93aba2963836422691ae162f35c40917cacfcecb,15.256500000000000000
0x93fe366ecff57e994d1a5e3e563088030ea828e2,9.203800000000000000
0x9429b07d38f2112781d1c17f106e2455a112efe9,4.116900000000000000
0x94b9c084fd4833ba58282a261276bab2236ecc4b,50.356100000000000000
0x94d6fe3cc565bc97c63358ed8cdd48cfdb24f901,61.878600000000000000
0x953375131955dbb9eeb6f4a1286188bdb126ec37,51.219000000000000000
0x95b2ba2ceb612082485237d120a54c8879327402,97.900000000000000000
0x95ba407f9034ed7fadf93e2b11ff8fa8fec85a4c,0.817100000000000000
0x968a8016872949b96e178888384f36de8183aaec,37.162000000000000000
0x96b48bd1a249093c2dc42c27b758c317a9a6aa32,39.308000000000000000
0x96fc4553a00c117c5b0bed950dd625d1c16dc894,85.037900000000000000
0x9705bacdf89d74e357fd0e86979fbfbf9408b2a0,2.000000000000000000
0x971d7d91d9a39e33aae0e2869805d2c031ab3fbe,10.995300000000000000
0x974bb589508a1ab60b1e628a75643b7c15c85100,2.000000000000000000
0x97e368ea3c694bc1faa4bce90114b9c604981957,3.000000000000000000
0x97f50dc5104671e75bb1c3cf614c062706c44f11,19.380000000000000000
0x9801ff51590109e34589292b98acb6c530e9d0ff,8.591000000000000000
0x9840cba453517aa0126decd6fae1d7f62760d500,58.139800000000000000
0x984898f12619bbddb76ddb55309da9bd3b115086,39.500000000000000000
0x98492c456292a812f0112926d05e9d3fbdd8d621,16.092000000000000000
0x986e6fa347d7d1b1f6da6c92837a7ffbbbee5f49,28.271000000000000000
0x98718f215fa26f059e278386f992fd4f5bd33595,55.438300000000000000
0x98cd51045aeb4451935b9c01175aa4946c9fc764,29.199300000000000000
0x98f84394cbace1d06141a67c1af03563ea2a7ebe,49.500000000000000000
0x9937dbb2128b55c44d8af7bf36fd76796a814cf4,18.410000000000000000
0x9960c24d38c71ac2837777aa3c3ced8da716fd33,59.200000000000000000
0x9982b1b1c4562843bd4df79cd812d1b41e270c64,41.317900000000000000
0x9a6dfd5b0576e1abcb15f0490d55761217353776,39.296000000000000000
0x9aedf69f0e3c5f2c7d6b596ab13aba502d90339f,18.665600000000000000
0x9b752c6f616bccc31c5c194e7981392e8f14448a,0.569000000000000000
0x9b96596a7308b70bee0893de550572b9f24f1e9c,50.000000000000000000
0x9bc5cd6a4bbe7dcadcb043b71e72aab917be8205,3.695900000000000000
0x9be116132c8200a5f3c0510491a694b9e0ecfc24,51.948300000000000000
0x9c24e33d4ee921ce26d86e25f744323ac2e438b8,79.087200000000000000
0x9c6f23ebfdd96698fce10cd5b13f7c8918d577d4,56.500500000000000000
0x9cb2181e3c9ce0c9bbd4463b6da2c5086a57489f,0.143500000000000000
0x9cb5525eb09ae954e440dbff6a98e53fd25ca73f,77.372000000000000000
0x9ccb61e6705f97a0643738e656ed0abf541458c6,25.000000000000000000
0x9cdc7fdc6dd1ae21ef8327e9866116f4a916ce1b,18.813600000000000000
0x9d6460ec9b1402c5763497c567f08ec015a81979,7.231500000000000000
0x9e96dc87cb63970d51e8cbedcb261623ae54b6f6,16.854300000000000000
0x9f358f46b438d4dca9a246f6df0a1f8d2e6e8553,9.900000000000000000
0x9f6894d6fa5ef2ddabb67b2a52cd0b34c9085998,41.600000000000000000
0x9fadd1d8cd76ce24f8f1b556a053937e480d90db,10.000000000000000000
0x9fd6e064b03612ab4f33306e85ecb15334befe0f,16.323800000000000000
0xa055451f213391013788fae99b518230df914a77,23.000000000000000000
0xa09cb29fafde8a9c7f2e3109dd4f9bade7f9f631,44.555000000000000000
0xa0c9b7ffd5fb99477c760b56eb507e4718f30fbc,49.843500000000000000
0xa10b36c406e5cd8c26094d46884ba81e81ea48bc,64.390000000000000000
0xa131afea01ecbab202e67f30c26518abbf14edfb,89.300000000000000000
0xa154407b9f17868a14552ff8f7c1a6e559b034ad,9.821200000000000000
0xa1d8d7d82866872d01d5ce954644c7bf2b4b260d,22.365400000000000000
0xa21fe3c62828bc0c8e7ccb1c622c20d121ece784,25.000000000000000000
0xa318ab9aae797324990966e00bd7e4ba40f0571a,8.325200000000000000
0xa383f280c769a6770969a1ec70858ff34bdd6175,10.000000000000000000
0xa3cca0fdf1bedab2a91bd0c5e81a8b978043de60,56.123400000000000000
0xa409178aebd03414ef317b66bc4c8364708d86d9,1.000000000000000000
0xa415ba9ae06a4e5a01f0f9e74a179c4f55a702de,37.239300000000000000
0xa41d3ed9466df04002e63ac2efb5c5b9acf1a2f0,44.462900000000000000
0xa4542a781cbb618b49121ffb82bf1e95f932d312,19.280000000000000000
0xa4617be3ff7ac129e8e2aa43ec0942af9970cbbf,2.396600000000000000
0xa477d0fff224019b20d8433fc1ecab631bbe3f93,13.900000000000000000
0xa49bf01f47a6b671cd911fa39d790845c927fa55,15.638600000000000000
0xa4b5e28ed0131f2f884315af4efc6163a5459ab5,61.545000000000000000
0xa4f3d719824651134d775264d797ab66da339ec5,1.994600000000000000
0xa52737980a03a09b9154d18f0a689bec23096578,13.382300000000000000
0xa55599a91039ff5ae8f7690cbf4a570f4724b72b,31.817200000000000000
0xa59f4fc943af4cf63696f39dc2d18c309c09cffc,11.582000000000000000
0xa5dc499d413b6236463f798e7be4808b365f29c2,5.981500000000000000
0xa6f536d1d85b70618b1669250a2bc600c4f64ea9,33.523400000000000000
0xa7ac6fee909930186baddfee84f15d0c5962d2c2,6.540000000000000000
0xa851ab9a11f669657049db0867f6c255e90047ef,9.948000000000000000
0xa8830579ccb4705f92c29851cbb80e608b99c203,20.622600000000000000
0xa8d8a9ba06a7b4c31eaaed04de025ea946c3eae3,20.086200000000000000
0xa9afd42e9ed957e2b0a9d58468c05162da271018,11.800000000000000000
0xaa1a9616ab3dddf649fc0995e33c6dc526c31f10,49.805900000000000000
0xaa30d08b69feafcdaf5a5f54e9bc1b3a16a66005,48.950000000000000000
0xaa53075b1092dcd19cc09121a8a84e708ac4534d,69.820100000000000000
0xaacec912de2ad3ec475aa1a9651d898a767a1c3c,10.538400000000000000
0xaad4f920752ef1939b88d15fd6e90229c85082cd,32.536400000000000000
0xab414ac271b49502e760bb31677997ef37dfbe7a,0.500000000000000000
0xab6576541743f0ac48c27dc869836aabe460e24b,57.267300000000000000
0xab68b49c9625536ce5d705e2884c6beadab3af0b,24.600000000000000000
0xabd6b1db38d528587154b23016a25d70c036ae59,0.000100000000000000
0xabe29da9d76371df4e41cdbc253edccd9cac7f17,81.218000000000000000
0xac3e744bd9f449d45c6d10efeb94546868b7bdfe,50.448000000000000000
0xacd92662a7ee27a34971b9b7e1cac60ae7dff261,96.500000000000000000
0xacf23ce4ce9699ba9612b63ffbce5f52e880e972,61.875300000000000000
0xad06246e5ac93653cde8eff56e953fb24ac0b323,15.094200000000000000
0xad7b138d6852d49b5b4d14f3abf3e365472844d5,42.500200000000000000
0xadef5ef4b652571c702a2127be6acf98a334af0b,93.250000000000000000
0xae60626ae664eebee6837ab89c151d83cb2220b4,31.036400000000000000
0xaee03926df748636468f5550f567a4c6d42201d6,10.189000000000000000
0xaeec01e323c0d1f752ec88ca32f73cecbb7835eb,1.117600000000000000
0xaef3c5c31e7bc1053442c5f094daecb8464e761b,0.000100000000000000
0xaf1716eedcad14591a39d07fb731517e3ab029cd,3.216400000000000000
0xaf4405dcc9a90ef2df194377abb0e5da1cf413a6,29.279100000000000000
0xaf956172730738fb93d16a11fd9a02df7fe7b244,62.914200000000000000
0xaf98414c6e3148f0805453fec831ac9d75964c6f,1.749300000000000000
0xafd592312c4a2ba23f35d57814fcf08720580697,59.127100000000000000
0xb02e7020efca69c3734f5fc19e977a19231b1f77,21.278300000000000000
0xb0ff29e1bb4f31bbf8b8b6e1f8d60dfecd6d0186,16.188300000000000000
0xb100f52cef56b0279b66f48dd85c08563306e65a,14.854400000000000000
0xb25b0c9d4822fce71dba5b9d3439cd0316f9c0b5,20.054700000000000000
0xb31f75cf988184203aa069ac14668c1af5146989,75.600000000000000000
0xb32ab785ea4622991eba791f1b651e7a7502c069,78.855400000000000000
0xb335d18843137b21db0c9ebc23e7ed9f0d33f14d,50.919100000000000000
0xb357e7302705b83395c7bd0a27288c233a727139,86.669700000000000000
0xb373812275c14abc70fa7f40e66037f22c30aa84,12.597400000000000000
0xb3cab9d70fba936a9ad9c2630323bd691cc48f66,29.600000000000000000
0xb40675eab63c7c5e11d97a4c67a5de0e99a20103,80.414700000000000000
0xb451b0f1d97639d94ac67c3545dfdb47424deee7,31.070600000000000000
0xb458f1e19eb61eab41778e51d4a115cf4c45bdbd,45.792200000000000000
0xb617102a3d9288f7f3a20ba512154133fce6d4a4,16.970900000000000000
0xb623c9722c2ef7fdd281d383eb7040cefdbd014d,3.840000000000000000
0xb63ac7784f0939a3346578b6340a00e304b81046,15.507300000000000000
0xb65c3eb3a84aa91980aff11723b6f5c7be1fbb5b,47.150000000000000000
0xb6aac3b56ff818496b747ea57fcbe42a9aae6218,74.765300000000000000
0xb6baac2a81a90a61d94b03ebf9b40a5d733fcb05,9.212700000000000000
0xb7ac3070addf2b0c99dd78661fc9ad89b50d4cdc,24.989600000000000000
0xb7d2d94070b96def220c3e8fac96ca3559f98d85,15.842200000000000000
0xb867ba5384ab954e4b54987bda5f734cb6d7d708,45.841300000000000000
0xb89961765ab77a4e362d2b1b08333bd3e462c482,1.832200000000000000
0xb8dcf248ca4b0a440b2e7d521a56d3159d5d29ef,54.700000000000000000
0xb90014879507d284a3b01d4cedc064d137db5f9a,0.000100000000000000
0xb947a42cdb6e928930e56d1c9a50615720cad727,4.778900000000000000
0xba92109da785e4eb5c7cb89ee8d13f18b84c4edb,1.000000000000000000
0xbaadf4968d46f82ee82add9ee328b7084b110502,34.914400000000000000
0xbaf678ca054d8952e8839c710905a72101500251,4.730000000000000000
0xbc5948d89b2e63eaad5edd8d615fb1a7c6a7fad5,28.360100000000000000
0xbca0bd986487a2b01c546ebc434a0165e4397e6a,0.136800000000000000
0xbd39721de44bbdf0555bd2f6beef10d2670f3328,1.000000000000000000
0xbd50ccc60f9a1e88b32d4b9d95fc5779c7b746c5,59.410000000000000000
0xbd63cf469adbe6fb4983e9657dcfe522b805d153,85.358400000000000000
0xbdece842f9814f450998f87ab612febbe7d44ed4,15.585300000000000000
0xbe5581f548e771669e8bb527f7cf90d718515321,60.620000000000000000
0xbe5ddc1c76b3b9dbafef32ef630762f46f3b16c6,29.300000000000000000
0xbe797159cd27d77b3173afaaf1e445e6dc1fa1a8,9.297000000000000000
0xbec01f3f1f289aa86c8aeae9033abf9c5c904820,1.000000000000000000
0xbf246f59b658ad5e87d8a3781f7dcbd6c49d7825,50.000000000000000000
0xc0651ee013c521b31988608b4c4f692af3a6655e,8.500000000000000000
0xc103093445e53f5d931af8a96d85d58c7bc6ae0b,53.030000000000000000
0xc199466de7ac4b61c7fe9bc8d9ad5c57993450a7,4.185900000000000000
0xc1a579f0aaf74ef7b1f4297566eb1e77290a2121,47.856200000000000000
0xc1acf86245e42de0c0c68156e88059be2c689c5c,5.500000000000000000
0xc24793b594d88b3274fd734228bcf42b5d6ef557,49.979200000000000000
0xc2ea8d6cb444c1609865759647d83dc7af994f3f,26.532900000000000000
0xc2ec3dcf32f5bf9f70e1d06d8f1ef0611de2e362,41.097800000000000000
0xc36dafbeb4d6c8385980bd13fa007eb4d2973396,45.366700000000000000
0xc38dbc45267b828d348515dc84a0d45005efdb43,20.000000000000000000
0xc3a92550fd9c6e4e78df8ac0bbd7d9af411b5a0b,50.000000000000000000
0xc3fc4164f22d6635bedfbe0d199223a5ac5cca92,10.000000000000000000
0xc40ff958d1bea17d6a171cf4953db8f167260c10,68.910000000000000000
0xc41f9a751d1d2ceeb2152071e349c2fe99ab459d,46.890700000000000000
0xc43bb382b51589d6c7b69acfae558bfb8756c312,26.283200000000000000
0xc43eeacc766ce1ba19afbfcaf97a0f368c274c82,11.588000000000000000
0xc4cc51690971acd6b44e4b1a94ae09c00c88d7a1,70.335500000000000000
0xc55121f380ac5631f0c261832f0d5b3e4b9649c8,51.424900000000000000
0xc5b622bed4dd8235135dc181417ca853a01c46c3,99.500000000000000000
0xc5b7c5cfec59cd0ff4a3ed44b5272a34da92df02,37.516900000000000000
0xc60b47e3463acefdf4e17609f21f05ece5b75f3b,2.800000000000000000
0xc6324f20a2ce696b4ebe5e4b72f4fccad0806e43,97.071100000000000000
0xc6ff3ad6ffcbe5ce744b29ecd4eabfc5509c080a,71.837600000000000000
0xc747006cbf8a9b1fc004888fb3a0e8668a46ba5a,24.779200000000000000
0xc75f84b2499017c72ce753d15eaa0fc1400c3343,51.174800000000000000
0xc78c596032852025e4a444cfe9c91ec87d1c25e6,14.165400000000000000
0xc7b14d79835ddcfd9063ca7bcfa15dd74bf29da9,63.228200000000000000
0xc7ce5cb2aee066344665215ce050d54c88c9a2b2,82.675600000000000000
0xc7d11900040529f38cc736ed0b64c9d29ec0ab27,0.000100000000000000
0xc999e59f6fc61d38a71b056d2759c91462911206,29.053300000000000000
0xc9c8a9d99d301c12393522abad02ea376bef6e45,16.250000000000000000
0xc9cf5bbde99971faeafea4dccfcfc1df1675ed5c,0.940700000000000000
0xc9d4f62dd9014d369deee33a8b3de4d223a71f3d,26.906100000000000000
0xca0fd1f180e52cf0c74e78ae8fc96349d3108711,89.210000000000000000
0xca5287d4d31f04c1b62a2e5ffca793b1920abef8,50.354200000000000000
0xcabb294e26b7e5d24afbf5649d8573712eb7f776,50.806500000000000000
0xcb29c44280533288a5fbacb6e0e6ad43925f9c79,49.841100000000000000
0xcb4ac5f1d6b197cf217cc6e454a0bd28c7e17aa4,41.575800000000000000
0xcbfd782760bf9e9a313ecee0bd1fb2d422eb0147,44.124300000000000000
0xcc0baa9cf7314b015cb617bd2cafc5852182b2fd,28.240000000000000000
0xcc0e4668f005869632db06e139a5c5a7b713099e,25.000000000000000000
0xcc37910f8c5e8ee6647a2674594f1bb3cbf1fe68,31.429800000000000000
0xcc53785e98cb6a27d7077e78f34c117a45ecac53,8.142600000000000000
0xccd59dbd6fbd2b5f8e7f3ad11e6a8769fe3ed304,3.746600000000000000
0xccde528af62bd597347641868490ea4f73e80f05,55.000000000000000000
0xcd5aea31ef62d3817e1e1ab2c2a102ed41ec3db9,39.000000000000000000
0xcd5caf769d84a5ec15bcebf9b07a39b147f362e4,5.000000000000000000
0xcdce4a9b07d2ce33d2eb3eb4c56be5346bb11331,16.000000000000000000
0xce116be839c014b7b69a7fddb874b42b2630db3d,50.167400000000000000
0xce1c35d45ce59003b9120d3c0520f48ae0f6ef3c,28.110000000000000000
0xce45b33f492461783676f56f1d9b2fef5142a6e2,19.242000000000000000
0xcf4400d2d3cbc7c48d06a127ebdfab3bcde91387,65.352000000000000000
0xcfe38b483823a72f4a95efa228835215718ad18b,11.267600000000000000
0xd0f8d83d570d59977e632a67ba3d3f1372e67d20,26.613900000000000000
0xd1598148d8c78541ec0f5981307f7ce66de82e50,58.425300000000000000
0xd19e866bddf2c23e1d4787022cd836767aaa39d0,64.076100000000000000
0xd2eb81ddb28a990b6a20f4ffd284b16424d8c957,28.782100000000000000
0xd3b25f165179c491876fc52d09c91a434b84aed6,50.000000000000000000
0xd3e58225ec74df29ef4d45bf1645d7c931cf14a8,2.580300000000000000
0xd463874202770a9021d27df2160fcc737d7ef5eb,0.000100000000000000
0xd4900db4c4bc20c47b38d0f23a31b232c877fc61,76.287900000000000000
0xd4faf9b2cce3a56ddf2fa02400de3c8100c97ffb,23.316900000000000000
0xd502c1301bc3fe1effbd99facd17af7bc62af32f,11.463000000000000000
0xd603a6e47cb06dff6797e6d08a261f5bad668d19,39.960000000000000000
0xd6c56781072403b55da995e7b04f6518fb3c2dda,34.270000000000000000
0xd78c8fc043782620fa6c89472fa872e84d83f9ae,9.799800000000000000
0xd7ab1629ff4f7f3b99f8842ec41f076190a3640d,43.920000000000000000
0xd7c9284926e82a50de451540d2d201ed9483b9c5,62.792000000000000000
0xd8071b65972428680b0a6eeb2c84557c3ac2390e,22.741600000000000000
0xd86be9fb1a8b798db20b2fc3fa7cec4d15a9bd88,1.000000000000000000
0xd93fe00f52ae218c706ccdd851d66c59e1272a1c,45.200400000000000000
0xda13e4e52acabc53e35dd4844959cb1d45e2d046,3.276300000000000000
0xda15ba154590c4e4f13daad7ca9a10bd4713def4,25.000000000000000000
0xda496a5025729c16ca5e1916bd543624a0ab947a,35.776900000000000000
0xda614904650cd582b795dfd0fc8ce9166892c626,94.100000000000000000
0xdaa619c952d7d05463c1df89011a6ffee1a82ad4,25.740200000000000000
0xdabb12b795f14038b0f807395c762ad4fb2c89ed,41.486800000000000000
0xdc10aa4201dbaa31206ca5717c445aea092ac719,19.409900000000000000
0xdc174c147b7e3d78a02c1fee1d3d08bb90ecb8dc,58.844100000000000000
0xdc3f3352bb7315d472ec4580d16577b7d46f0077,30.116800000000000000
0xdc5b8b65723443847f8bb0e03e13b3cb06c232a4,30.000000000000000000
0xdc6248ee3e0599feea619a488739563a292a9f0f,36.903600000000000000
0xdcd8d5ab5fc4b5b63a6c9b735ae0673518af298c,59.351500000000000000
0xdce358b1a58eb595ea7c461abc9a476ef7a41284,50.000000000000000000
0xdd431f8a0f2b956a1a6e7633a8665b945066881b,92.038300000000000000
0xdd9dbe8fa7c2a80aead5bc2715348895572aaaa2,8.821500000000000000
0xdde33ca7e03b4756bf2dadfe8fc8b14f89e123c6,19.910300000000000000
0xde77b998182c98a7920de0cce5075ab278d580d7,1.310400000000000000
0xdeafee8aae39833d8a926d9e01136e54068a523a,10.175400000000000000
0xded60c607a2d0f1dbdd932d70159f4e0cfb71cdf,18.320700000000000000
0xdf412660e4f47b1147bd02a1b9bc4878a1e68c5f,41.597600000000000000
0xdf6e05611cb42b526a15d2a389608a3ff7964c41,50.000000000000000000
0xdf7bee1543837ba54b4656c50a847399e2624c49,15.584000000000000000
0xdf8179cfb0f8d90ebad9fa425b60fb228c12cc42,44.353000000000000000
0xdfd10ec4c25c1f41d20e868e7a4c56e23d8cd2ce,13.583900000000000000
0xdff81bd1da18390d0e608cb8c8574dfafaf47645,65.000000000000000000
0xe001c06ab0ec3db344ef022c002a1d850793b76a,86.745300000000000000
0xe0e60ad969628fc6c2e13c5c4b70c059baa29eae,28.362000000000000000
0xe0fcd5e7d85da5ddaac5e939385ffd6c7d655044,5.000000000000000000
0xe149d2dba20372df68268e07cc62e2a2b8073b02,21.400000000000000000
0xe19cf8bc1ed0afd4c0885aa01724b1e3bf601997,65.753700000000000000
0xe2f8f54f28fe179eeea28f311a9998790e1e3bd4,7.340200000000000000
0xe3112d7c7be34a9d19e1dac166ada46496f1d412,75.825500000000000000
0xe32b0badb281b22d2757074f37a12a462e0d78e7,10.059600000000000000
0xe333b83b1ee7eb53c6369ca6b12758ce46426d28,95.324600000000000000
0xe3651ffef2abfb0651891232eb2a5c7ef02fa82d,40.000000000000000000
0xe3758d5ac5528773bfe4a4bb2eb97676f4d01061,20.960500000000000000
0xe3904fd898901e96b1ff0f33274f98882c2449f8,57.976700000000000000
0xe3c5aa77268c9282b9d9e04899ea47ec80fbd5a6,55.349000000000000000
0xe3cea2c19d5343897e90541ed83eaaa00b0c4956,36.387500000000000000
0xe3e5756bc8ac0ef44ba02aae3008f0602417ba1f,2.739800000000000000
0xe3f610a6b91ec0da0413afe98d2d25a3194cf559,20.069100000000000000
0xe4d69c9a510b9cdabd3671669c9d03205aaefcc0,20.000000000000000000
0xe51b1f0168cd0aa0e3fee7ce287c9a49febda1f5,3.000000000000000000
0xe51b937351ac5eaa64ce95943a0ffeaca1bf40b2,10.715000000000000000
0xe59bf165bb2047187965cb2733cfe657e6ed3aa4,35.970000000000000000
0xe5cdbb41e60538bb01b7deaa3047b5d499f271f4,14.585000000000000000
0xe624336b97d91c73a26b0f8fe6f8a5d048748490,12.201000000000000000
0xe6bfadb45226b920387bd0d96cea4ded558a1cf1,78.668600000000000000
0xe6cde3a24a4040a085ebc1e10723de11886b90b4,5.285400000000000000
0xe70503cef34de3280341388d4c1f643089a2b04d,99.000000000000000000
0xe71d2088b5e0061519a3efc7068456aa1792d696,36.565700000000000000
0xe79cdd7cd9674c19789dd27e0c73f22982848cf0,30.000000000000000000
0xe7e8a81fbd76a910e5463b1881461a3dac4ae8ee,90.073500000000000000
0xe8074acaf312942169c72f9bbffe7d5bac05abbc,4.595000000000000000
0xe80ba0fecb750ff35b986d2691ea7e220767e2e3,20.279000000000000000
0xe91b209612f857eb817bd95d5c03b1164f6279b8,13.652800000000000000
0xe9409e67b83705649f6ebd43737417374a39055c,4.642500000000000000
0xe94fe33662e4449fb3ead45072b2f63c152a6e13,45.600000000000000000
0xe9af2760d25d94b9255f399dd79bf74d59f08c90,6.394200000000000000
0xea77d900c7cb648f20ee8a40f83e854e583d5ea7,32.955100000000000000
0xea810e14abf812e1beb1a70ed3e7e913e4460a01,10.480200000000000000
0xeb24d2de7cdc3f3dc0e0dad5e66b8646f3c6d198,4.982700000000000000
0xeb941c49b980cd34e8dd3992c1233dbe540689ee,54.445000000000000000
0xebc6c3f6492fb666cae723f2faf9e5d1710b3138,67.759700000000000000
0xebeb3a70596275be82edc428ab1da311756b2c84,73.868600000000000000
0xebf6ed10aa4652a70e0b20bc3a552e5ef2fcb7aa,25.000000000000000000
0xec1e0cf14c01bc8c846a0ad4c4449bcdf1fe392f,51.518100000000000000
0xec5fc65ac2635ea41e9f561e6aaaa0700f265af6,69.612000000000000000
0xeca7195f92b7e1164a86ff70b66cb1f0206f568f,33.588500000000000000
0xed01e55757e8f3bca1cfcf9643f39a009a810c5c,60.983700000000000000
0xedf7e6abedbbd12b63f379436fd47716945f5dcb,23.205000000000000000
0xedfbb928e589f2b5a4ea72ce21dc045b8ab1e062,92.356700000000000000
0xee63317746519c9e44a9f27c8a90b0d892c81965,35.863000000000000000
0xeed3681a025409945c060f3f78d9471d4a668468,4.707500000000000000
0xef6701a6b13aaad4cadfd4cd51e2baf991dfeeac,36.789900000000000000
0xef71179111385362d2f3090397f11a5e5d230407,40.073400000000000000
0xef9f50716cdc3a6b32213d04ce0977909bdc9f62,25.973000000000000000
0xf0186c5b90fa1de071b1357638499c1fbf35d892,41.597000000000000000
0xf02f475b714c292f2d7afc139e7acf3c99f293a0,30.678600000000000000
0xf10d5f22a077d3333fca58182d144c8bbc1c7270,35.482400000000000000
0xf16c33eea08897a0e18ab1af808ac6b4dddd5365,76.145900000000000000
0xf1dc93805dc2551884866ada89f48781ffda7fe0,94.932500000000000000
0xf1df86e8b7c68835f35bf215eb2a464ce0397c2e,42.225900000000000000
0xf20d91472b1c7947c1e7d71fcd3532cc20489011,31.373000000000000000
0xf20f3a1f0cf271f26d9279acd0c357efc8a13cc0,1.000000000000000000
0xf2131a00010e58924b8899fa0a7227756bf02a3c,58.302800000000000000
0xf25f1db17b4cbb92d047c372954f11f87b26614f,78.200000000000000000
0xf26dd212eac6967e735b2863cc8e3551458de3c9,45.173200000000000000
0xf2a19a72d9210d1e374193656e5335e3bb2d7676,12.287000000000000000
0xf2dbb776790dbd4744dd3c22d0e0801dfbd6b9f1,55.000000000000000000
0xf2f28e70aa24fefd55ae7f0c92748dc13fffe460,5.064000000000000000
0xf3a7de3a752724ea91058a5d1ddd3f538880be8f,57.122800000000000000
0xf41f5a667c433ca8cfaf64d9351a85a236c79914,48.663100000000000000
0xf4290183ae0871be446d9197578b1ce7c72d4b61,45.514300000000000000
0xf43690bf09fe2d8d895c73d3ee6df4c96529ed4b,50.284700000000000000
0xf46b27b91baa1931600cdd428adf28063f4a92a3,58.797900000000000000
0xf4ebc8216835b7a27b63a3bb006db3e13b53ff78,58.797800000000000000
0xf5cfe8514d79f65ba07becb77d45c7288f82ab23,2.800000000000000000
0xf5fcba08a68f155245ea9ea2830c64b97a32d647,99.231400000000000000
0xf68ab2937479972bfd0d8e134342488ecf43a8ec,12.600000000000000000
0xf69ab3fc2e0abc3653b1a9eaadc3acead8b6a98e,64.704700000000000000
0xf71ad531f5ce097d7769fb65d40ae0b0799d1fd0,35.907800000000000000
0xf74b153d202ab7368aca04efb71cb3c8c316b514,30.760900000000000000
0xf757ec7d97530a397955d512f37c87d8ab59d4bb,23.393900000000000000
0xf76e5a21ffeecfe0a43d9f68d6762acbd8c7401b,2.697000000000000000
0xf7dd9ab09f4d9a928fde43e4664526ba5993a28f,25.579600000000000000
0xf834598fff93f904d8c32eb67591127dba5093b7,61.283300000000000000
0xf8580ace4335a3f9d63affe2885c98483f9470d3,12.279900000000000000
0xf8ce634abfd7629cc84de78e9a451d62486eab53,26.961000000000000000
0xf910e4b8568391451bbcebbb875e00411313cb55,4.593700000000000000
0xf9cac244b728df161ebb32a3f14f84e6518588e3,66.600000000000000000
0xfaaae25281050f5da40a0bd37ac1f155a98efb59,25.462300000000000000
0xfab6625ca02c12f325a3cf3d9f287d46dd2764e7,72.044200000000000000
0xface7fff7d14d444c71cc5579b58e5a6b6c303e5,22.105700000000000000
0xfb0f4bd90b0fd8faa5406fdeb60c7f052a15d039,13.879100000000000000
0xfb1ec8f9d9482c7892917b36a096e4e46eafdb68,73.698900000000000000
0xfb3dae26d246cc39ae589418cca8b55210870e57,79.240000000000000000
0xfb7f66434c2d7a83cf30e495159b45ccb7083d24,58.794500000000000000
0xfc444b238b5516b4e18a6b059337f355145e40a5,31.000000000000000000
0xfca3a1a8c42bdccb1f29416d7bc6d9c503109140,37.397200000000000000
0xfcc4fc3a0a3fe30b2c1882912cbe9453c817caab,21.930000000000000000
0xfce3e5bc649ebb91285d51f1f83e85f71ab14af6,48.250000000000000000
0xfd1bb647a611ca1938e92df495d35b5eaa75efc5,97.708000000000000000
0xfd1fe33a1c25035cae5f5221839f62c1503025b4,85.331400000000000000
0xfd39e78f4b87f0f8ce5e57e8219854ef1d3c2296,87.300000000000000000
0xfdb6f377aba7c3426a1024bd177916aa2d613ebb,98.885000000000000000
0xfde5d661025fe7c11d7b778dfd71379153993806,70.000000000000000000
0xfe6df83bbe49178b7d6b06b38805c358a7b53575,12.607900000000000000
0xfe72575732a97593b8ed1fae3fffe64ca516679c,0.000100000000000000
0xfe85f492f399c81f7171f04a002ebcb355823f1c,3.398700000000000000
0xfe895f1c5912e49a87f16dd18aaf1ae970bb2bf8,0.540000000000000000
0xfe94df3c4f4fd0bad815deef50714a985e6b78d3,30.000000000000000000
0xfe978a0b353aab48e3a9425ba3a1649c38dc853a,18.043700000000000000
0xff35a832f8eda4c88e8103257eacf50c124dae55,58.046000000000000000
0xffb768b81d90350521a80ee0f3e8328397eab88e,19.269300000000000000
0xffd30ddc80b7ca487c5552088564ee101fdcb9ce,3.611900000000000000
0xffee3d4f101d16b95f80f905c8d4e503a6a75388,11.588000000000000000