0x002337cc2908302c7a04a07b2848038462e7e20f,27.796600000000000000
0x008a0a12e378bfdd3295505f07d1553912bbec1a,25.000000000000000000
0x00a3d817e83273b92b288e3af9908f745ee77902,50.010000000000000000
0x00dfd5deedc928190ec5b02da930441583c1ba2b,7.556800000000000000
0x012674d1c10a3c3f3c829b3e39d264376d1a849a,64.081500000000000000
0x01503746a583d53b3d8e169d6a1015d3078139c1,32.466600000000000000
0x018b57f29ff6246cc6ee94f441b3c205804c4118,91.969900000000000000
0x01ace9fa39bff1f5b8c21713c177fbdc02e22c41,73.653400000000000000
0x01ae848cd18fe49220b33d1345f789563a3feedd,10.207200000000000000
0x01dcae1cbee1f9a21d1e0e7752f9a6f6a70d9f65,66.457200000000000000
0x01dd6bd3923b916b14f32902e55c2a67b1560ec4,31.756100000000000000
0x01e33c774f07178706d41b4373ed19dc0c39ed19,47.324600000000000000
0x01efb8c417682e06b04781f09a112d5a5da1f8d9,34.406100000000000000
0x01f8c6d5bf2df16b54638575787582e5c6fc2756,50.416100000000000000
0x0229103142e4fc62f65bbbb3f3fefdb1e3219d59,34.551100000000000000
0x022f0d81135c0fdd284f3e081c1d38408082fd6f,66.091000000000000000
0x026122654b5c91c8152fce1dcff9a8c086db6fa9,52.713100000000000000
0x02b6e4c5a6e91964da8aa9cf955e00812d45a266,50.465800000000000000
0x02b942b007bff5e97c148cc887ce9dd1524f4119,26.879000000000000000
0x02c79a649fd5747198593374a83beb612b68234a,51.095800000000000000
0x03411bc4eaa441d74608013c4165793b6589f6aa,4.658700000000000000
0x035419f8c4de5065a57fb9364f49348fa84253c9,81.347800000000000000
0x0378ab2053e2b6b7b555230112ffe0e1688e342e,81.976900000000000000
0x03b7f5839128de8499dbda74711d28b30fa9e0ea,58.510400000000000000
0x03d0f9681b34bed507f84800264ed985a742fabb,36.462700000000000000
0x03ebf320495a254b928fd5fcdf0b28515ab4f867,71.300000000000000000
0x0444f601b3b418097c6b01c88f3aacf3a4de36f3,19.000000000000000000
0x049b1d2d8d373b25e70c4eb432fb815f6409c577,82.556800000000000000
0x04a7cd05cbe811da9d1d51d2e7516f6a3e7f8769,14.889800000000000000
0x04abac7799ab1775403038a40f59bb5e01f19c0e,76.559200000000000000
0x04b5920aecd0f64fd40c0edc8fb4de41d7ec5886,27.855300000000000000
0x04d71a3d96acb42490006a06d3e0740589bc270d,60.965600000000000000
0x04f925c8b32f8483c14b625e375a23dc063becf9,45.438000000000000000
0x0509fd055426a4534934f7b61cf679064f536a0a,3.600000000000000000
0x050f8c8727756f391299475a3031e5783bc3e94e,45.000000000000000000
0x05568aa40215d5f81b7f47727f46076481ab45d6,99.900000000000000000
0x0598c4ea3e81be3b02cd2b52872a587494dde519,6.106400000000000000
0x060dfc7966ae02fd01322a2ed01ce3f7b4420e4f,47.881700000000000000
0x060f648c33d7227d16c4f2b41bc95c5ffcc8e0cd,10.000000000000000000
0x06368cd3933a9cd9f3ee3617d8d704c50d8ba0fa,34.000000000000000000
0x0681d8db095565fe8a346fa0277bffde9c0edbbf,0.206900000000000000
0x06861186003bb5714835186fec35add7a6fa735e,4.381100000000000000
0x069bca644c3ee8c1402212acaff7cc15eb735b25,30.000500000000000000
0x06c5b59b099ea8126a07212ad4ad9374876de068,9.203000000000000000
0x0705fe8c59953bf2f12af8ef907f1cb4d9ced44f,33.333400000000000000
0x070ae3630184344c0b0b62f122c2dc9666ff2552,90.444100000000000000
0x076d86633a847a2fbc9b5dc9b304f3d5287d5655,2.000000000000000000
0x0783c3ca86ef18d622d17ceebeeea23e273a50c8,50.000000000000000000
0x084bd60fa6b01455320852245a96118117a994ff,24.655500000000000000
0x087c756a612c925e058fbe45a4876ac8f637adec,10.934800000000000000
0x0897525e5cadb9da535975c2ed8931ace7d2e49f,45.696000000000000000
0x089fed2db10b7c5b6a49b66636b5f0e15a99a80d,40.255500000000000000
0x08a8b33ec15896229eb0be9706ab43af2af60656,6.872200000000000000
0x096762ffea40f1803807cb150849f72391514143,37.072500000000000000
0x09e5384f892bb635e2458aa547e887869be408f5,0.000100000000000000
0x09f130ff1b61a3a3f193ef9049a8e81ac4b5c474,19.700000000000000000
0x0aa3d25627b9b4f51e20a080e5ed43161937e2a3,17.755400000000000000
0x0af7346e4729e3383eff4d47cf52797399f19837,25.011700000000000000
0x0b03904db3ef97e3d50f2f3e47cde7b4253763f2,36.729400000000000000
0x0b1ef45341465202867214dd2522ed0a93f4add2,13.292900000000000000
0x0b2706a79bb46ed2603fef25d6b34658b0508862,21.000000000000000000
0x0b2c226fb6031a69ad6829e727bfb9abaef02ca8,9.190000000000000000
0x0b2c5b3675d125c9815d41e14558d505fc9c382c,16.636100000000000000
0x0b4946e42b83bdef283f79045717ccb28de61c4d,19.587000000000000000
0x0b49be8c4fff4e0e41afd4f55bdcc43c9ddee227,9.486700000000000000
0x0b670d05bfc3394fbe4960217ea390d8a6ece989,64.131300000000000000
0x0bfbbd04e9265b28f047353c0678f895ff64ac17,48.063000000000000000
0x0c1c72df23403dfb1c53c53ce47df9edef349722,32.556400000000000000
0x0c56c9c3db19cbc0a27f2bb83f05bee94793bc0e,24.827400000000000000
0x0c65cadec0ddfbe65b9620ef0fe28d212f26ee49,18.820000000000000000
0x0d10dc593c53ea0bd488bc625bd1e29d5882ef5c,31.775700000000000000
0x0d3456b2c27279b0caafe008f83039eb0e32536a,68.044700000000000000
0x0d583b053345ae42f880524d1633c137360a0d81,11.690000000000000000
0x0d5a4cf0bed56cf73e180eacb575a61228b34f85,99.900000000000000000
0x0d7276ec67a1999a9298e07995e2511e5a280216,17.465600000000000000
0x0d86bcf682316d68eca039e948176e43323ec65c,39.863100000000000000
0x0d9f1ad0ba556e639459b9c21aea838fde9ae775,26.600000000000000000
0x0da0977dd671215f7720dd979e70b1f47f84c610,73.975000000000000000
0x0dada8a24148cb7e6b2f99554ae0ab2463a01724,2.908900000000000000
0x0ddd2d61ed59e0d728907c4c94c00042cdadb90c,60.100000000000000000
0x0e2ff3ea82b4a426e57e8d35648f78e35305a88f,58.102500000000000000
0x0e569aeb18ab5538ff9c0ec5718ff235c161864e,15.733900000000000000
0x0e78aa5c3ba93020c2c44fc488b664e3295b2f25,32.911900000000000000
0x0e8e2f9dd3191881a2377091e9448b37eb671dce,66.500000000000000000
0x0e9c66aa12bed1b47187dba4e4dda5ffeb069a13,34.465300000000000000
0x0ea6715ca7a328290db9d7b63b78689d33d0b936,15.017200000000000000
0x0eb9c2642245f123905dafe41bfc75ae8dd8ba16,37.801500000000000000
0x0ebf2c178d1064c8bb2ae2a889c24bedf3438377,36.170000000000000000
0x0ed7e2c26ba3956223e602fafba70fa21c224fda,18.134100000000000000
0x0f57b3641d7138d6a016ec84fea220efb2b8584a,53.229900000000000000
0x0f643887485dc7e936fb36145924228bf375a314,10.882200000000000000
0x0f8c91919210f23079c0a01ef6a294d6a96c2c04,38.143700000000000000
0x0f9518def1d540885f2d35ac8f2018fecfe5cbe0,20.000000000000000000
0x0fefc41ca1ed7b8232e4cd432ab48ce9bd6b5baa,8.530000000000000000
0x0ff259df018414909f9959019453bbf12f9ac6ff,11.300100000000000000
0x1024ce38956d83c9ea86125741b732e00d4ef48d,8.690000000000000000
0x1069128008ea321ba706a5e19e78ac95a205978c,3.200000000000000000
0x107ff62c08961cbe6fc855aa81b92f95dde1dbdf,1.000000000000000000
0x10c8a5e306f10744debe870a5f9cefb1361cc06c,79.163900000000000000
0x110b54243acd9feebf0766dbc0165e2f39ffe55a,35.233100000000000000
0x1130b0181a32098fb7aa012cd80d8bf00e56de51,20.810000000000000000
0x11cc5a7f97f5cc2ad4ee2a72e7f2ed25b4c240a1,19.500000000000000000
0x11ef1dfbd68c188f9466aa85aa1b35dc59935e50,10.283300000000000000
0x11f5516c5043c2320fcba81f0b9db5b4a2d1212a,44.483800000000000000
0x120105504fa579f83b83e4ef3dd21de52e9e465a,9.590000000000000000
0x1211cf97dd65fb36aaaf178042cad80d74488644,57.482200000000000000
0x124b52414f8bffe3a4c4e18f1de1839cb23811ad,68.566600000000000000
0x12d220fbda92a9c8f281ea02871afa70dfde81e9,83.436700000000000000
0x13289725f2cea4e0088d7f90a856658c42c6a069,20.130000000000000000
0x1357fb78a10ad4444570dcd9f3f79df7a0e23986,96.276900000000000000
0x1375c4a0fc385c543a5eeaa54c342aeee26969d7,2.106000000000000000
0x13842f7cf6280b0505350735ce6b31badbdf5c71,75.966300000000000000
0x13f2956049894062821687f689dbc35b8d258e1c,0.599000000000000000
0x1443e480e5bb5830b779fdbf5662bf8b71b21178,19.209800000000000000
0x148f61362f1bf6eb1185be6939177d007c1d6d04,9.500000000000000000
0x148fedb1c6abbd318ad5809f3fbf056dd82c9084,28.981200000000000000
0x15610edd0521066cef69821b58347f5fcaf7ab9b,71.749600000000000000
0x157dc51173d07542d6a79e79e9c76236238cf0aa,34.487200000000000000
0x15decf0ebd79f31fa912951585dc66cd9832bb53,65.032600000000000000
0x15e3756a817a77a274ba2488a93651be6771eb71,28.500000000000000000
0x161b0cbb37a4c2e50c78df576ef37fd028db4a29,31.173100000000000000
0x162dfd3bed892860cdc32dac793b166c405ef2fb,2.536200000000000000
0x1670e92186f3c4c48a9d29e6a973061dc5f754a3,0.030900000000000000
0x16ca27c6cffd3b9d10d346c55b288b5a4d476007,17.336800000000000000
0x16e1d5ca7baa96ad0ce0c3ee3933952f8e378421,1.000000000000000000
0x16ec0082d06633b5b04d727396c006d361669733,2.880200000000000000
0x1726f9696ff8695fe36cf83ec67f854a673bd7b8,0.000100000000000000
0x1761fc16923cf919eae562c03030b31a102a2202,83.523100000000000000
0x17bc4f46fd79001e5d9f595279e11a62bfcd1b5b,9.302200000000000000
0x1800194c8ab5d2d816fe36c706a8e5e0645e2668,34.584900000000000000
0x181e1af33447b7eca5d3d23f488331fd9ad1f4c9,85.114000000000000000
0x18f221d92bc4aac573d9ed9c170f54ab933e43d6,3.000000000000000000
0x193d67e4f308f11e47355d8eb0b0dec91f91e27e,53.509800000000000000
0x195472b691d456f5fac4abe21ecd919cba0fb535,10.027400000000000000
0x196b473f7d74820029e269a98baf3517c463fa89,38.431600000000000000
0x1a1e6335da6f2ee2d1865c2b746866acebd39d94,4.162700000000000000
0x1a3bfae68113b4c073c53a37116f48c59130d598,49.906000000000000000
0x1a3dbf015fe19163c856144ef71f8aa3a96d6bee,76.006700000000000000
0x1a7e8d7a891784a6e8a2b33f75c1d3dd7f2785c3,1.598000000000000000
0x1a7ef528190971ed224641b20ee0ba1b1a4b049b,30.554100000000000000
0x1abbdffa72a047d7c3528913f2fd246c64facf10,37.964900000000000000
0x1b9fc9aea07ca0fef168c2a4e1bdc2f4bd2fd612,1.600000000000000000
0x1bd9669585534bc72021fc5a7a88b9a56d85c99d,49.250000000000000000
0x1bd9ac82ccd32bb912178ac10f319b3c420afe82,79.120000000000000000
0x1beaa69ba921bb6070cc1de0b6026b055f1e5888,43.906500000000000000
0x1bec2a00cbca47191fc3b4011f37f49648f6ffe3,2.000000000000000000
0x1bef3649da6b1f028e2cf8e5e1a75708a6706459,46.499700000000000000
0x1c019caaf7e10af6ba901a3392102870751302d6,14.200000000000000000
0x1c47bd54dc12eef35ebb0f8f33312220897bc240,68.547500000000000000
0x1c99e68e652bb9f55e8adad9355aeffda2301c5d,25.850000000000000000
0x1cc71232df88eabb3e2ea0793fde9cad6d54879e,16.402000000000000000
0x1cecaa1ca8db8419307915676d507500d02d743d,29.517400000000000000
0x1d3f62566e7d8f9dab9b12a2eed731502c27e71f,54.539100000000000000
0x1d9fc7f6ec28fb826096900e5ca85637c827c2e8,32.255000000000000000
0x1dfe07062be9defcf13f219e0c5f233f9c5c83f4,40.248400000000000000
0x1e3f8ffea2511a63529634369e3bd90e9507941d,78.520400000000000000
0x1e4f1495ca8ffc81f269a8d453c9c480ea721f8d,45.286800000000000000
0x1e6b6c015fc95e6e5f99629b29fa39bc8b0c18ff,70.933300000000000000
0x1ec83c9adfe6416dd1ffe76187a89b7a6f26ca5a,97.463500000000000000
0x1f00a27939990b1da3ce3fbdbe927d45676079b5,50.350400000000000000
0x1f304bce8eca9916f5b922dea59775c49cd21423,25.036100000000000000
0x1f49d9bcd13613fded73fb687ce059befc47159d,29.605000000000000000
0x1f5dfc4bd5c9b5014d00c765cdf1b5607a7fb3df,17.452400000000000000
0x1f630bdd30950779eada5b5b5390f7dfe98dfa68,37.054900000000000000
0x1f67ab480bd0234fb9d0c6e269cd2078ad588bac,33.556000000000000000
0x1f6ee2c4b6082651d71c2e24f033e072d8e3a499,33.437400000000000000
0x1f7a7c7399caf28083c30b07c69ed6888cf49396,25.002000000000000000
0x1fb2d459f770250e6d3a509941c348ed5498af8c,23.439000000000000000
0x1fbae1cc8cebec40ec55f514b7f669cc3c6e53b4,10.000000000000000000
0x200f2622472bfdbcc331175a4fce1fae92a8353d,48.871000000000000000
0x20a3dc89713bfa2786ef980bd6dad9b8cc5c7932,22.877500000000000000
0x20b513cd8a37de979f682fc1e15f700d9c20f830,74.184000000000000000
0x20b61c687e5ec01b5224bc363cc56629956c006d,89.504500000000000000
0x21673f806c410b3527523321382614b451dd150b,8.653000000000000000
0x217c98c3446d691fb111fc4b0ee458ee51a9d799,2.985600000000000000
0x218b140d81cbf7c9857f6297b294380941a07813,83.281100000000000000
0x21d801be15a9587b94405fc25a173c0ff5568005,38.253600000000000000
0x22206f97706035ae22f5d67124ee3b8f32ab0ae7,7.925600000000000000
0x2267df52464346ebf6d1f6a37fe34bfb2f6668e9,10.748800000000000000
0x22d14df044ba95832de452d709a04c842835d931,88.600900000000000000
0x23e999cd09a561abe7856c01941990b68762e106,28.767300000000000000
0x2432a1f1933c7047b493279fd3c9872b405ab780,47.679100000000000000
0x244dee0366d254579bf95001950f12f2e6d1cbd6,27.762900000000000000
0x249b754573de2b4f10767dbf230daca40c23d557,71.230100000000000000
0x24be32657f6b995ea529aa98e1d35deef4e2d159,13.495800000000000000
0x24d5858c56c08e949823f984974e26300903f4bb,71.739700000000000000
0x2528f0bff50cfc476039d8e68ed4eb20d7a2a394,54.507300000000000000
0x254a31e07dbd71d3da1c5dcb5c52dbe84f3f366e,61.389200000000000000
0x260235b69dc61c334bd756aa7016c5770a01adbd,30.057200000000000000
0x261824f184bd51b7ff7316e8a322b2e9350ec910,64.900000000000000000
0x261e769a088ab9d61fb2b73b6e001990bc29816a,53.518300000000000000
0x263a2a3a3b798bdd899787b83e0e333c46cf9b4e,31.020000000000000000
0x266f24402f9a30ae819c6e68b7dd9982f43ffba3,48.376300000000000000
0x267878bc18dad3eb0087a8c1f132df1b32a0e8ef,45.317600000000000000
0x2680c414619e44151d7a833b19a6dbb74c65b852,30.246900000000000000
0x26be76ba0e0793dfdc89af807899f76bf57f2a05,42.000000000000000000
0x26d4e4ccf52d0f4b4f7379f918a062fc3a8ab281,41.000000000000000000
0x2776210e2c318a45c205da8a4c432934ac3a3561,0.100000000000000000
0x277a4acba48cddf52d080eec02e5276c3818f767,57.741700000000000000
0x27873b6349b808d993111f407d74ae0ebbe480b5,36.123100000000000000
0x27a4d075283feadfb7f8ea8d9cc60c8292c8609e,62.650800000000000000
0x27d1e2186a7f37a6b2cb935832756af34f71763e,8.915700000000000000
0x2827914dacc166820cf67a84f2b9c7876d43f340,5.000000000000000000
0x2836d6c4ca0fb7af25a32d3a34ab0e830504c5ac,79.462200000000000000
0x287cdacedb5a42bd2cc9c8dccbb7a3d9c0c5b10e,42.750200000000000000
0x28cf053f0232950ab3575b406af1bd0ffefa8d00,22.045700000000000000
0x2944c6ecec55c7a94ff3d6f190e3f83cbedc83c2,4.000000000000000000
0x295eed8a2ac96401333291f2a24696b5468d1142,5.000000000000000000
0x296fa218dd0e7fd43186001e528c911d825cb93b,14.627700000000000000
0x29c78a1f651752d38bab225877b576388a8a2e26,91.703600000000000000
0x29cda183b31fa8ad6ec3cab5867aa59834bba660,30.673900000000000000
0x2a115ffbe3a5bc19524484c92bf62e8f72ff8816,41.544500000000000000
0x2a303c82edc4f70c35c013fdfa72db47132ea1a9,6.593000000000000000
0x2a32d19b047fc36a3aaf8339f82f4044f9b2ef1e,0.000100000000000000
0x2a57907988d22940554de0d22fdb0ab834fcd21f,24.874000000000000000
0x2a5a3d19d01be12c1354bde8d38a3106e1fbeeaf,23.500000000000000000
0x2a8826cce2907571f7c5ec9c8d5aaa1402d6ee72,4.080600000000000000
0x2ab5618c63060119fbb8ddd3a6f8097a10775c74,32.000000000000000000
0x2ac8aab167107100c2bbbd382d4a78dcfec637de,33.000000000000000000
0x2ad893e9b798827e20be34aaa3df3511e16f9f73,16.542800000000000000
0x2b5b06869ba30ae452aec5744c72c99ba85f842a,46.952000000000000000
0x2b5c6f63fce71d4b378e83a16c46f04c0ca3db67,50.901900000000000000
0x2b93bc65a07852dbe35e53e91b59c6e00751f058,2.475000000000000000
0x2bc7433094132e9dc352941f30549ee303bd34dc,59.318000000000000000
0x2c55ca94866f8e3e8f796260f218e7383b2ac7b9,77.971400000000000000
0x2c5e2159bafa6c21259c602a01da56a6550fabfb,51.742000000000000000
0x2c884d939ddab44851622adfae656d2e389cba38,70.000000000000000000
0x2cb9b1f90a4d1391dbcdf012e238fbd5aaca3166,33.924600000000000000
0x2ccf860a354052d93f38dd49956012dda75a711b,5.827900000000000000
0x2cd0a87c76f82fb59c89c77c08afec4b67f65c01,0.068100000000000000
0x2d2d96216d84ae8ead1e93a9c42ba78d8c8666e0,17.680000000000000000
0x2dbf446b26c2b24efbc68a3ca8dc49758895a4de,89.089800000000000000
0x2df579804f4732b7e043aef931c64f6b4d9aa0e8,56.942000000000000000
0x2e586b1fdfa0cdc6f25647ba22a7c93dafaba4b3,15.633600000000000000
0x2e6cad8307ee6452b78e16b6c6edd5a10b9530d4,49.688100000000000000
0x2e9ccc3b42e97a4729af3143d954b17fcfa1cf0d,34.940400000000000000
0x2ec1ccb446a80b49b30bba1648c17415eb5834c0,7.481300000000000000
0x2eea9b97ee5958b45bde9382cd2217099d2ce1a0,37.000000000000000000
0x2f1460a5d5d3d6a89e9234c1e4082bc90eb8b8c7,55.274300000000000000
0x2f5aa2684a5ff9bda47a03bd8d0527005c6ab15c,93.341700000000000000
0x2f8c710cc8ab170322591c10df380dd701f8c95f,21.808900000000000000
0x2fbaa56037e785ca44ef08ea94dca8b0c0b1fbe3,28.679300000000000000
0x2fbab6169a89942a1f775e3194b6524d25953974,3.168400000000000000
0x302809f7d6cd34d737df352c798e24699d2048be,22.916700000000000000
0x3036c30fda13780c40e94701fa9d03a4efcd1092,57.441500000000000000
0x306584b9daebf9cced2e8dfa18fb95a2447955c8,1.300000000000000000
0x307b6e57cecdb3ccfb80c4073d04c5e3f132a991,49.958600000000000000
0x30efda616dbd3dd0893bbea28bf3fe451bdc9ab7,67.500000000000000000
0x30fc8f9716d1f06303e93eef28b7e91d9c35f704,9.500000000000000000
0x30fdbd033dc0c4193e379454b1baed6e9547f511,21.078000000000000000
0x31261680b036d9d21d0ef67954acd65353d704e9,75.524000000000000000
0x3169e0c7fe41c7bdbaf00f2c35ada90e9ba06b6f,24.967200000000000000
0x3177fdec57d3e6cb1f842bab8fe131febde0dd5e,28.420800000000000000
0x31e831cd363cb24fb7a0cf79fde464becb139825,78.592300000000000000
0x320d6b084b481a7d692f4d6c61e4b916f82178d0,31.388800000000000000
0x32c649cddccd60bedb358b14253eb60c6fd496a2,39.600000000000000000
0x3311082025a1cfe36cc8c179425cfd0531f7eff8,20.843100000000000000
0x3317db56aa3c7f3fd077095a51ea60d03c1fbb00,25.346500000000000000
0x331af8023d67fbbc43eb4d2663f29db0291f60eb,52.757100000000000000
0x333b985e57e9807281e2281b2888697e189ff128,17.500000000000000000
0x33a724c115cd1def10771d0225dd81bc7a02bd8a,3.167100000000000000
0x33f8ceac4d66ab1de83813a93383a50a4c1f3256,9.500000000000000000
0x3452689d6666fc200461ac394037af18f73d65e7,84.296000000000000000
0x34f6d27fcedcb656d92cfd22bd9514faefb48afc,17.241400000000000000
0x350a9c066d3116b99703607f5ee4506d184b758d,26.872000000000000000
0x35208ac07d5f491b7160d3a0c595994a5f85cf80,35.847800000000000000
0x35e1b76731190fad74bbf03791214165e5effb06,59.400000000000000000
0x3602975544beee0eec9449202cd9e8e05d38825f,25.000000000000000000
0x363d03bb84079ba5a2c36e52f8ed8bd2b877ba74,4.595600000000000000
0x364d8cad9f72548faa3f356849d9eddd040c1889,5.215900000000000000
0x365bbdfffdd7a04d1e3939dfd709f22632175b26,53.082300000000000000
0x36a72a0f82883f7621a4f063e38fb8caa0e35b28,99.442200000000000000
0x36ac6d50d6332040891ad40fbefce4071ea5ac0e,50.074000000000000000
0x370e64a67a2fd30093cefa471590f5bfee0bb587,42.630000000000000000
0x376a8141ef0149c4b5f4a82232582d27ace5f5df,20.177700000000000000
0x377523f1336665ca27309579738c91d4fd40912b,7.032300000000000000
0x3789cd3a34886c39bff95a89e9b3e5216ad92aba,22.483100000000000000
0x378af16d8e0aae713e3fbe83b283fe6d00a537ef,2.007900000000000000
0x37cab8c68b80b9c894ea324652fb2b3d91772d14,66.000000000000000000
0x3813d29cdfb958c408d5a13399b467445b744f15,30.120000000000000000
0x38538b985d9c1b73c2daf3ca3aaaa42adda360c0,28.028900000000000000
0x386c4cb67fff9119e534f88e34ca4a142416dbf5,7.300000000000000000
0x387434d2b9377a0bac5e992ad81cf01ddb5b5a90,25.665100000000000000
0x3878bf714261f605701b93791e587d432b17a4af,15.313800000000000000
0x388b00c3fb76b0f041bd75ca80bb4a6c51a350d5,9.500000000000000000
0x3945c2bad506db6def3a77e0fefbe41ff0bc08f5,25.000000000000000000
0x395cf7d472ab4babea1af07cf2f06745430a6661,94.005000000000000000
0x3975346aa57a23e8ef85c14ee7a6d1ef99ba9c7a,25.000000000000000000
0x39bfbbb4a08c404014593d9843a5e65cebc63ea2,1.897500000000000000
0x39f5cfef62862d99feb73bf0b2d7ecc42e9742ea,76.119100000000000000
0x3aa9b34a37897198dbb188976d9b2f8d5d2ec44f,47.524300000000000000
0x3ab19f979c7982c390eb5567201b078fb7632cf5,0.000100000000000000
0x3ad3e0c7b26688c7579809e3cc79e58545f83a25,70.731500000000000000
0x3b0bc0c26cbf24e0d2304585311e8b28200565a9,18.770900000000000000
0x3b26ae855e677ec1dbd496719807562a8033e1a7,28.862500000000000000
0x3b4d5fc21129fff7984a9f62c38da7036f2dd37d,69.600000000000000000
0x3ba4703147e153561e5f96ee6a02a676f6a022e2,31.157200000000000000
0x3bdf79326c0ad587c9ed3c6f21e9fae13261b688,37.562000000000000000
0x3c3d5f1c1dfe13796e261971d4ff5c66259b8593,1.000000000000000000
0x3c4a23d037fdad7bfe53b98ba766e0395bacbe80,5.000000000000000000
0x3c53b2b91c127e917d5a8f6c5b55627a0ee02210,0.302100000000000000
0x3c5498e6aaf3a71050368311e1811e199b6b3ac4,66.446200000000000000
0x3c646378dab844f52f794e7a34f29ead4ac07176,39.000000000000000000
0x3d4247b9295ddb3abefeaa2265dcf8365a0e730b,68.602800000000000000
0x3d4e35a7756173820fb296c41c89a05fa60f525c,19.842200000000000000
0x3d6ba559354063a9fa80c87c12e7465ef8a22610,38.440000000000000000
0x3d9d13f14813281a46b26bd9ab74b97d5c64388d,57.023300000000000000
0x3dff17ce2fc49516c78956bc0369331f94b408d7,99.140600000000000000
0x3e1a2357ab69842e3abb31ba8eaa415b50d05f8b,15.748100000000000000
0x3e56500f1c12ddc0494e38819f689096be86db48,64.076100000000000000
0x3e6578233337af15355cda357bfb9a751ea82ded,20.882400000000000000
0x3e7110c963513923d57ea06a52a616d6744f34df,90.765000000000000000
0x3ecb7854c06a299ec06277486bd24847e708a1e9,98.269800000000000000
0x3f04b7101708b7e4a2c693270254ef8a32977b36,99.917400000000000000
0x3f1b96d85d6bfec508683cc9918ce47c80f346da,93.862700000000000000
0x3f2ad28636e59d9540c9552f4e17f44e8222bf2f,35.327100000000000000
0x3f64c128b676ef03ee3d9ddc31b25b9a33bbda8f,35.870700000000000000
0x3f71dc7ec1b9dd68bbcd8856a422feb0beff42c2,10.000000000000000000
0x3fd945503f7a39f8d3900c0754a4eba7595ec25d,30.470900000000000000
0x3fedde680b7a1813237aaccb9c3ac60b85704ed4,1.080000000000000000
0x402cf593748d1b5bfef39b21433cd933caa26840,32.906400000000000000
0x402e10f5cd9893d130cd7cb46ec9158d2fcae080,29.470000000000000000
0x40518809703d30f4faa272f841d618667b04e041,38.005400000000000000
0x4064b153664c7371d65c0454eeca2d252ce60eb4,15.462200000000000000
0x4099277697a3c707c973dea7d7c4c1ea9f4b6793,5.169800000000000000
0x40e628b89a63095bc3ae3d003257965e403d7b4e,68.812100000000000000
0x41b82dca44620f726da2a4897bf0c45c049891e0,20.000000000000000000
0x41dc740d2dfe08f13a813ae128dc5d448fc6cdc1,50.021000000000000000
0x421531cf5fa89fcd3be037000419dde4584e5473,99.829500000000000000
0x4236fb48e05658723c1914c8aec8ff288bcaab15,39.600000000000000000
0x427020f955b03e83eb8dc79525a6e1432b4dc4df,24.520300000000000000
0x427a9ab0d037a6067b34c25643f1046e989d687d,0.006700000000000000
0x428c5a9f46b5468c908f56c34ecad74f52edd9bd,4.082100000000000000
0x42db9ab6901207bdcfe3cfc7d03e9c88a114b8f4,86.231400000000000000
0x43458c6155f7660ad60658b9bc1ad2bd0aa6be89,73.000400000000000000
0x435aefd0df875552c635e2265e32c0323ba7926f,67.132000000000000000
0x436a711826ffeda54c7c426a073f4b0c3c780471,87.789700000000000000
0x4376d1342484038ac4a5cae821e50faf52f85d7a,2.000000000000000000
0x438955e1ecf4609f559d44ecbbe8bac07306bbea,7.719500000000000000
0x4390682ca7c97b83cf3f989cc99a0be6fa5de812,60.300000000000000000
0x43e4baaebe412fdff90b85ddf52aa17c9fe1e2e1,25.125100000000000000
0x44101dde06168c60233ded2912971b37d4d114ac,62.661200000000000000
0x44122c3587856aa244ff891e8552325206ad5855,19.095100000000000000
0x443e6a61dd25335b149b36b9aa6cea44e3559060,24.922300000000000000
0x445ca86321d5432567e074794c0007a04599ed08,1.000000000000000000
0x4484808b3e4b2dd7ffa0028546682e4d4d4ff8c3,27.001700000000000000
0x44a4619725fc7be2e78dffb255fc3d0a81c96eb6,63.350000000000000000
0x45409fc3d64b4e58600288bbb6ad6a21c602f1d5,34.798000000000000000
0x455de87d649734293564d27541ce81ff430b04b0,4.637500000000000000
0x4562483d9cb90582058020fd57817eedddd15f5d,31.122000000000000000
0x460493f343f0d3da7158590b327444694d76fde3,50.889000000000000000
0x466dad27730ba63c94d343974ff5337aa6b1b1b5,1.258200000000000000
0x4672d481d2a22066bb989c5a89928222fca4a109,29.489500000000000000
0x469b25f3eaec08b3694b18e3cc4cd9f00b2b91f9,12.500100000000000000
0x46b79e8c9e27cb8821da7c8373561e9aa2c3a9c6,56.030500000000000000
0x46bff3c6f733746d56a26a80d5e661a40251d538,58.184600000000000000
0x46cdb6c53fdacc4a1da3ec01c994b8db79d6b2ab,16.000000000000000000
0x473889c6e8c46345be43cd1b96e69c3055ff1ea3,74.276500000000000000
0x475b06be73f1f7d6b559abe3894eebf2ef603082,95.148400000000000000
0x47623c1749e06f6366b8d0d44ab1e61f91c8122f,3.430000000000000000
0x4787705a9a4e6616aeebcc8f4804d365d314f1ff,21.680400000000000000
0x48c88749d823b8a2fcc5b923e6038aa8fe4f775a,20.846900000000000000
0x48f4a1c9f19886fefb3b9abf1065253df433ea67,10.200000000000000000
0x492756154168e82d45b6ca8abb88f4c20c48f453,12.893200000000000000
0x4951b88a044c5abb2bf67f56ce3f52d6abdb93c5,28.123100000000000000
0x49567c4649c140407d0b4b1760755124fdaeab33,30.000000000000000000
0x4a19ef817443224f9575a02a00094dab0424768a,23.000000000000000000
0x4a457fc49fe8b4adb665d27c0fe8c162dcaa1db6,0.000100000000000000
0x4a62f4c86998534ae9f9dcdc333cba88fcfc213f,1.000000000000000000
0x4ab701f259539f6cc110c6433e92c443bca7810e,39.629000000000000000
0x4ac751f0152b6799a5acfc25614072fbb06dca06,34.768100000000000000
0x4b0fb0f11d7d6b04ba7ce931b42f32f2f5227e18,72.377100000000000000
0x4b281d06577519d487fb033a04a73c6bb32b924a,54.875700000000000000
0x4b2f4080e9cf4799add7954af94351d1f9ff6ffa,90.080000000000000000
0x4b6ff179d56a9bdc8968655012cc2cb30821a87b,20.219400000000000000
0x4b82efb75ac70598f4a8054f13df5420dea208bb,90.013600000000000000
0x4bbf6707ac8388f34c8d2b3aa18a15f71b1d5236,9.200000000000000000
0x4c1ff3878bd6840dded6292a6f18ddec35c626f9,30.030000000000000000
0x4c3f080fea0b94031e128d18a5e9786886601d81,95.313700000000000000
0x4c9aba37416c0f931eedd0e4410a348e13f68fd2,32.322900000000000000
0x4cab14f173a4404246d60be32fa65110d9390238,31.625300000000000000
0x4d1259fa394cc42d7ce003c81bdb75c78fe65100,17.563000000000000000
0x4d64c50fe40c4c9b858fc9b3937d46f3b85da873,1.948500000000000000
0x4d7ac20ce8fdc9896763aab92511ac89280227ce,66.061600000000000000
0x4da6fb8f90af9b037889156102bf48073cc52e0c,0.869400000000000000
0x4da9676987e1f8ece19c096689c5098d0be203c0,68.509000000000000000
0x4ddc1ee215806fd11479aed83584aa0c6c5daba1,4.045800000000000000
0x4df838e840ceb1572f068c3ff1171bf229a09e39,48.206200000000000000
0x4e05f352d7cdf61e216f1025db5f40b1816098bc,79.714800000000000000
0x4e15bd599f7f2f075ba5c2ffe14a0f45aa05d78f,29.920700000000000000
0x4e9b64d672fd04a7ef33f973b54145e20f950356,6.507100000000000000
0x4ef58512c3a816f25f00910b7e09efe1c0f66a48,1.000000000000000000
0x4efe4a36bd4c58e857a925d59b4c7271b3ac0801,60.128400000000000000
0x4f718da9842fed3eb507d340587112cbf43ce26a,13.885000000000000000
0x4f9aa621bf1b2fd4b22a05a5fb17b1df05637674,15.123400000000000000
0x4fa4d468320ce990d92d94649d6ea138d336fe45,2.000000000000000000
0x4fe143d3d68a55eda203079ea9fa63a50a60ee0c,59.440000000000000000
0x5064795594e0dc51ba9a30474a52ea8309328493,42.469300000000000000
0x50df2e9067c8546971b0bcf866a2c9e0bd625d58,1.200000000000000000
0x51111db329475db42bd5d23692f1d0ee552e0a57,67.976200000000000000
0x5181e2c07531ecec351fa8a2ac56283b981642f6,27.927500000000000000
0x51af6c617f37151480ec847e2088a8dd54353b0f,21.010000000000000000
0x5218fbb5040e07716468fa64355a8218894a8727,1.000000000000000000
0x5272a7bbe468c3b449ff4393dce92e4f2cc978e4,50.253200000000000000
0x529a498658305e1c00b1b4493604a3f15d20091c,97.380000000000000000
0x529ccf350bd9a58fb1951353a36cfd3756b20931,63.160900000000000000
0x53377d063e01789e56c47e64c8893ffcf4552f5e,7.877100000000000000
0x533c3987d6391715c75ec85c5cf68c5e6f68157d,82.758400000000000000
0x53439ee24fbef4a029ac6e98599dd68387468c31,45.191600000000000000
0x53715779bdd3e8c4c5388c675efbe68dfbc06b1d,60.000000000000000000
0x53845b5cf6f4b6a96b868c6f86f4318259e4aa75,11.901900000000000000
0x53d5534a84251a49404d954f7b50fc93de88651c,1.750000000000000000
0x53f821c7c1ea0b12998c761e30da460965832487,25.733900000000000000
0x543074c6dd6c43689d600d6f7dfff122057c0090,84.348100000000000000
0x54d7b7139a4fad54f044edc0096868c6858eec5c,60.108700000000000000
0x54e70f0ee5ada64574db0e421a5fb49b0d4c36c7,6.178000000000000000
0x5534f0598dd3ff31ae26d20295a059bdeb0afee0,30.469600000000000000
0x5539fa21a8273dc295f16c7886fc8b8e0babad07,48.622600000000000000
0x554dfdbc9589fd208d6b698e0885ca5307a08123,78.660200000000000000
0x557514f8ce243fd0e239e53df18630bb98cf3beb,50.913400000000000000
0x5590e891bb6bffffbaee1da81f9c2ba8bdfbf522,5.825300000000000000
0x56059aecb0d049c0daf11f3cbf898fd87b2f5f45,13.039600000000000000
0x564286362092d8e7936f0549571a803b203aaced,0.212400000000000000
0x565fa299de583f64d2f099a6ffd76880f2fea020,49.644600000000000000
0x5694c44d7bd9d6e0afd87cd91b6c5784ef79b60f,28.634200000000000000
0x5759213929d0f3016a496ac49418797ba24f6923,25.170500000000000000
0x57794c3137679d1ba1ca6042a5a9af9bc7d3ae1b,5.633700000000000000
0x579825eae28ec2cec9af55a3da3ca7a1be920874,55.602000000000000000
0x57be371e152b94de6e7dd8c7ba285f494e62460f,47.900700000000000000
0x57f1dcb91690c71f5d6bfac38e0db018734104db,34.559300000000000000
0x583b881b974032239d094482f01c58e2e722c5a1,27.592000000000000000
0x5939f9b8ade88f46fd1afc9026b7f1535a4e9b48,64.437900000000000000
0x5941cd07fb70af43a0f4e8da887a706dd939a5c2,60.000000000000000000
0x5964b17e4b22019076211f55aa87a49de4081826,61.780700000000000000
0x599812fd36f74871d37349559b87d00b7a67e7c6,72.952900000000000000
0x59c0ed446898f0152f569a62f23261d7c8a72eee,8.584100000000000000
0x59db49d1dc351b19e6c7325021642fa2a40dead8,15.044600000000000000
0x59e8f6d4ea3250e64ba7f2d4c9f262b0a67a8bd7,1.241500000000000000
0x5a001ad039677b1b1d3510073855d39bf8486e16,1.000000000000000000
0x5a2bf5d9e8044e99ff12e33f381ac1df3e39aaf7,10.395000000000000000
0x5ac80f784b3ae8797a50ac4fb245723193a6badb,27.995000000000000000
0x5ade5b0f9e44b72abb3d48c89d11a1f3caa6d3c8,6.499700000000000000
0x5ae4b526e735585fccbe84526027180eaf410441,33.443700000000000000
0x5b17c288ad5725710523ea59812fd73ebba757dd,92.407800000000000000
0x5b5ecba49d4068365a1b111256c99e77fee3e5ed,53.666200000000000000
0x5b9d0a7a8e0b010e2714f41ab19592b2bdea7920,24.553000000000000000
0x5bf863259c4a02d3137a125885b08dd13cf612ff,74.200000000000000000
0x5c519d65c1f93788138aa2cde071e8914e5f9e7a,9.849700000000000000
0x5c7e7628b62073b1cafffd36366fbb2aa5d91b4a,0.982700000000000000
0x5c88d328071984a4efdb55cf919f94bb8abe75de,32.585000000000000000
0x5cb53b463449a26748041049c97c965e3cca91de,11.450400000000000000
0x5cc6002f2daa96af0d5e4766c84e8adb5626e5d2,78.890600000000000000
0x5cf8c480318fe5a599594f16facd90399f717d9a,10.150000000000000000
0x5d5bf77150305bcb74fbca2750ea5ec2d7f2321e,0.000100000000000000
0x5d68ed716d43b967b22d772ede5393c9a821c115,76.668200000000000000
0x5d890c3d31c3a9d736fcd3cf82a799fe7f444bf2,22.000000000000000000
0x5d8bfba0145f2bcab0f6e8ed5cdd720e105e9f32,98.954100000000000000
0x5db404a65e92d76307039ba6587b659442d9e0fb,69.341800000000000000
0x5dbfa9fa9cc93bcd11db0203cfb799b079abe1c7,6.239700000000000000
0x5e1b2419d625be9f7da064b1e1c4bb6810505a3f,13.340000000000000000
0x5e918b19e4c4d3891cfec8719fd456cec7feb2d4,64.648000000000000000
0x5e91c29b698ac6003d6e604d42d78fef9aede894,15.393300000000000000
0x5eb9136f97a88fa275d4b28b38c4eaf2ff571a86,88.140800000000000000
0x5edf79e83cdc82c7436f35ac3c6bbbf5aafbd9df,81.342500000000000000
0x5f265c6205c678e077fd1dc0f5b6131c9e5746f5,87.321200000000000000
0x5f8a46ae748172cf12cc77a15ecaf1515e5a0dae,51.978300000000000000
0x5fdbc03690e8a2807f7f72e77688d96e6ca6ce91,4.844400000000000000
0x5ffddc66e6ea1d274cf0e560011482b32afd1400,30.500000000000000000
0x6032ddba0765dd64e41ce68c5cfacfaf01970cf5,2.276000000000000000
0x60417b3a20fbfb3e9487fcbc7e85bf7f46d1aba3,1.000000000000000000
0x605e0ceb497afcc2153718a113538364a14bd7ae,10.548900000000000000
0x6063e0616195e207bd5c3862a2fc9eac3d25aafe,24.309100000000000000
0x60bf1c5d13f9048062faf9da86b1fd3fb06200bc,61.710200000000000000
0x610d75058132b889f39878980e6b126d04e21b4b,62.704900000000000000
0x613518439d07b8bb60837574145366e63651b87e,61.437000000000000000
0x6184f601f6900e8bf9308d5034ea48596e26a6a9,14.145400000000000000
0x618fac91c06d2542ca7750836bfea5d5bf98ff1c,56.445300000000000000
0x62372708da291711abe87f8575389801e4052962,39.758900000000000000
0x62477b07c8d2a937b0278336cbf16d8af15dd894,54.800000000000000000
0x62a23e43792cd096685896d2cf5aa8fd3d7bf36a,1.000000000000000000
0x62e3f90379f524e00abc0e3416882cf5a14ae048,7.562300000000000000
0x62f803c617c519b7abd22ffe4beaf09565e6fa7f,2.771600000000000000
0x63124a6c1ab31c6ff1cc42582e6a03bd8e109d53,22.577000000000000000
0x637025ee3ae9f1d5f2a885ed0866e462a53a26c1,3.905700000000000000
0x637b855a0c9be98a26ab82ff23d7f6e7aeb2d872,41.687100000000000000
0x63c646a7c355b5318eb1ae9fb93d91a5c660fbf4,2.573500000000000000
0x63d519103ec40d007e6963d719ea8448df8a92f2,8.300000000000000000
0x63fd2e57a7222f9963301789ddc17b3e5cbc00f7,26.778200000000000000
0x644fd23de137252a5df08424c65ae98cb1c186f1,42.739000000000000000
0x647322bd3071e11b33797d712325cdb899f8999b,25.561900000000000000
0x64883e9bc9762bf3027f2ad5022738954b7363f5,39.833700000000000000
0x649a940e13e1619e4238ef6053897729180226d0,7.525900000000000000
0x649f7318f061a7331ff0e540ed8a38c42a60d70a,64.070000000000000000
0x64b0af89ff725148f233ee36b2d14cced68745aa,48.320000000000000000
0x64d8975a98034da52fd05e94e1748b4f58ab6c55,30.651000000000000000
0x64e78a0e0add0d85f37d7dba42ff96a1c4337bf9,54.377400000000000000
0x655f49b1614b75637dfaf2894976c4af68ec1415,79.992300000000000000
0x6585b0c6e8dcba9003fdaf26f8acf76ff1d2627c,61.752100000000000000
0x65876778878f0503f763f9a07bed1d6d7873b259,58.345600000000000000
0x65d4f02a4ee151b1cb0923745451989913fea7ee,63.717700000000000000
0x65ed68957b4076a035589ec72ef32dd4a9523657,10.811600000000000000
0x660dcff798ebae267994e7e07780220b513b2d29,62.540000000000000000
0x66cfed1ddc7ccb999d27f1d27fce2ebd865edd06,52.147100000000000000
0x6707ca7dbaa83454f509ec6fd536fbae1b5d5f83,58.263400000000000000
0x67432a2761d795fcd3c295cd530058a564c44bac,20.151500000000000000
0x6750099ef246134b59ebee964cafce929c511627,33.768700000000000000
0x67af3bf39e2d86221b24b87f356ffc4d4d640083,23.276000000000000000
0x67d8a09af3951a75e5ca4e845a79f50c0dc78288,56.863400000000000000
0x67e1b2d1d9d9933572905ef54b15759e23475b24,57.000000000000000000
0x6826a223924c487295aa789e3c431c04622dfebc,8.853100000000000000
0x682c29adfedf18c5935972cb80ad1db1916916d0,83.823400000000000000
0x686e6263577ac6b245fc8d950dc81c697ea9692f,16.085000000000000000
0x6886689b75b576cae75aa3f45f92830b7c7ded31,61.474400000000000000
0x68e2705dd4e0f7a583e3c1eb287278851f261e3d,15.542900000000000000
0x69068a2a83e20723e5c13bba6885e005446164b1,35.947900000000000000
0x6983e32fd120dd9e8986f7dd41d0e421286ac7c2,48.585100000000000000
0x69a8ff00ad71e555a1a29b29b496148171537f4f,20.000000000000000000
0x69b03bdae0f264d6784ff120350f0f17628fed10,39.863100000000000000
0x69e03f6cc9caf5d819c90e8492a03d7f342828f2,49.555700000000000000
0x6a0bd6379ae91a7f6cd3e7f0060af75d0c41f6c5,32.000000000000000000
0x6adc3560063563d6487e2e6d249100da9e0452b9,99.500000000000000000
0x6ae4f125f58982b8127bd2db3f95a875eb61f2f3,78.274000000000000000
0x6b165f6b48443b6f7ffac736548574f3f456616a,62.670000000000000000
0x6b81b696abd6efad1051cbba89b113b9ba932aa6,49.900000000000000000
0x6b87a01356dd24adea1d70b3d5ceed2d8b41c0d4,62.403900000000000000
0x6bf384a80ca3345c1415712da0161db988048ff7,55.094900000000000000
0x6bf9541c2f5d3fd2411e54ff788401bc6760065d,30.000000000000000000
0x6c148d1fa3b3bd67202af5331e90ee315f041c88,50.656300000000000000
0x6c767e34d2c768a07c917c317e5160d542b35256,16.500000000000000000
0x6c874a9b4aabaf6f3d56c775f7b8df4af4c7d359,42.330000000000000000
0x6c8c03e4d4a7d8db6bde8877b7ee8192e7ede1e6,20.936000000000000000
0x6cc91cdd3c53ca0104d0397c0aac4c8bef381615,60.535900000000000000
0x6d309ca0f48cc5e09715afd855cf407867442c42,22.570000000000000000
0x6da518ea62fafd03a7a7e409fe8d1517261c322c,74.711200000000000000
0x6dc988333e53ef1ffc52f499c9fb515cc1254748,32.869700000000000000
0x6e1e10175b9145bb887ac78fff35fabea2dfff6d,42.297800000000000000
0x6e2ffe1625b098db761a4489cb9b11b3a0d47816,86.215700000000000000
0x6e3a5ca0aeb55dbe27dc4c95e215822c7a85b720,55.678400000000000000
0x6f2bbe5c17d55b50edcf27cabc1eed25f75ef9de,20.000000000000000000
0x6f7533d196682a1b36dd90836e36e233e69f08d8,59.169500000000000000
0x6f7d7a44f91c95a4b7e8cae69699aeba12263ee4,62.535000000000000000
0x6f988fa9003237e9e35e79d1fce818058cbdd197,26.333400000000000000
0x70707270785f133a4b0b4f8338ef56eefdaeec9e,91.340000000000000000
0x70f1ec43b7cc8085c471b247af526c602a10ca30,0.000100000000000000
0x70f8749bbc0969eef5a680fe324526be9012e56b,22.277000000000000000
0x70fe5d511937efebfb24431737489d2a5bb07226,65.272000000000000000
0x714218c75d3cfc53c9d648c079de3921bebf8fb9,52.500000000000000000
0x7158995aec4d6ed3e8a58cb6d96eba25158e5758,19.580000000000000000
0x719fbeead55ae2729c0263f3f31edf3e7780c18a,37.203000000000000000
0x71a2535960db6141d8a21df88b6e44a057999cac,33.002100000000000000
0x7204ea30e0b7bdd5e8cd8cff697a903e2ec02f93,30.000000000000000000
0x7207bd8b627bb5652bb4d0cf2a1909a1f7e348d3,22.060000000000000000
0x7299bd20da6e6a3884b2c6b68ccb7af4f6da159d,7.691500000000000000
0x72b7dc9b9fb0ba817fb2175497f3e735d9e58ae7,11.850800000000000000
0x72d6f71d2f2446f7402bfc46151e1772dddd7c07,68.841500000000000000
0x734723303ccbcc9df405ea2065c312e4b57383b3,92.820300000000000000
0x73aa9b936579993c151a0ba5631c54040d235932,40.086600000000000000
0x746b426d0b8e272ef7402db7ce0fd01c2b1c4ade,99.743600000000000000
0x749204e590e3820d72c11ab5f73b8b02c3438869,51.101300000000000000
0x74ae4b5eef8644d056ca5070b68fb9cd10e93c81,34.489300000000000000
0x7581061427468c383ddb1d9b6466c1ab31b2db41,13.013300000000000000
0x75a4718b995c03656474d56c857f516229c0579a,36.580300000000000000
0x76190bb27274d377c70f494475f608a87460d710,41.990500000000000000
0x7693abffe138cbc160784be694b51541bab2f483,15.000000000000000000
0x76b9bfaa0d90dfc531ea65e158eead0d8926c608,49.000000000000000000
0x76eb7e858c349c8864763aed885f51139090afe9,0.112300000000000000
0x76f3ba70234d9b30776e48075e3a2db383f8bbf3,70.552400000000000000
0x76f8d80c250bd38e86aeff77591fa0c570367a8f,61.263400000000000000
0x7716a0bc88a45598ac892edea292c130d2ab6a2a,8.790000000000000000
0x77a3867bb01e2a4fbeeac7fb95bc4b8f96c8b838,32.999700000000000000
0x7804a959d9e177a8679d4aaaa3ba821b58548353,31.146800000000000000
0x780d84fd6b53c35ed84a0f16d5f7ff237339eedf,29.590400000000000000
0x7815094e2fd590533919eea53c0600c670326bb6,78.277700000000000000
0x783f04bba60044a8da30f81afac4a527f07bc061,1.957400000000000000
0x78401e58f58fcf889285f6fd300d690bd2475c7e,44.310300000000000000
0x784c5a2836479f7dd7d971b7ebfdd094728b767c,30.569000000000000000
0x784d4a337cacd7a4e000879822b1d5957c37b743,10.780000000000000000
0x784e83f002b248d5881af8da47ac092978dc3588,76.068200000000000000
0x786cf0c9406ec96cbabe644e25fd61b956524078,0.000100000000000000
0x78d9256f67aea338662fb4f7da54081fc474c2e3,50.058400000000000000
0x791f1ebab76cb3b2c6b02c4377b5cd5d8fe3749d,31.568000000000000000
0x795a6a3f623a2bcd829b17858c409575bda71788,12.199000000000000000
0x79730683150865d6b3b478fb161de302ad29c374,19.710600000000000000
0x798e8d65fcdca08c7c710d50b7cf9e1e73c78be3,58.720900000000000000
0x79a28d47184cd09261848fcdf4ddd62c41d48c5d,45.926100000000000000
0x79c4b5d7f701a12a1ba78992dc646c0548e88d2f,26.000000000000000000
0x79e621afdc7fd71ce4ad47c18e1331b018f44c4b,17.549300000000000000
0x79f02316c335e92eb266189db4905037531023ef,41.183600000000000000
0x79f6c1b6048f53b2a6de4386e066d48156c08797,32.500000000000000000
0x7a07cd54d020268591a55f79df013614d22e46c6,50.787800000000000000
0x7a27d7e4878d3f347702d1b8cddcd23d2add1189,17.290600000000000000
0x7a53e0f5a5cecb134cc8d1076103021f653a356e,1.100000000000000000
0x7a5d2cf5eefaabb2f22d129e339ab34970cabc4c,62.635300000000000000
0x7a8bd58de3a53d0e1e8a8915a8596e2f493c9230,22.020200000000000000
0x7ab6837faba1075146a6fbc39fbf2643499e64ba,61.858100000000000000
0x7abedc1415aeaf795995cbbf345e9dfb94505c85,40.205400000000000000
0x7aca1d8e75566bc7079b374c65f3f6042f6eace1,10.000000000000000000
0x7c131e7ceffbd53cc5b62b4af3b2094e06141c4e,18.479300000000000000
0x7c71b89bef366b55489bfb2bd4649b5359e4edec,55.228700000000000000
0x7c8813da013d4add84797006ae9648e62f0d9ed2,20.897500000000000000
0x7cb085fdcfdc99d661fcfb13d53b1bebb0a62b88,47.765100000000000000
0x7cb68102ab290e5add809c85180eecdc4ef48c98,59.239000000000000000
0x7d65ca87888797895c71e87f9751a002b87a2d46,54.750100000000000000
0x7dd35211fa8466d6bcd4ed4e1a791ff51252a1c5,0.020000000000000000
0x7e76a5d68cdac4d2dd322fb7c2df7dd3f70a295f,21.581000000000000000
0x7e77548024749aa1cd1950235d2203b507cad35c,60.520800000000000000
0x7ea719fb90fd8c13acf6fd8786137be2398a1faf,15.961000000000000000
0x7edf7733cc1456a7d9c44ab09e2770526236291b,3.906000000000000000
0x7f0c8fd6031da24103abe5ed87181cc2494c0cbe,56.446700000000000000
0x7f233a8168fc36c28b22eff00f92b65ab89dce22,58.361200000000000000
0x7fe0d0616b153b306ce96f02e094e10c95bbb13b,50.168900000000000000
0x7fe84e73f25a8a7ad16ff0567ff9b70fa51e9c7e,2.157400000000000000
0x8004d73be0fbdec2d0e68982e940e679d97d6504,27.691800000000000000
0x8039f348fb220322da86993fb82f091faf0ccd6a,54.179300000000000000
0x805de6f8798a850ea2a2a3274a356b3ad720e043,16.448000000000000000
0x8093e5e3cdd7401b09e3a6e0581daf1c8fb51a66,15.000000000000000000
0x8122524ac2ad7657c5852857435265429e869d06,20.000000000000000000
0x8135bb174d80a8334ceb494e3e59048a97cf7af5,54.680600000000000000
0x813f0341441df263ec9d85475390da76c2f514e7,65.046600000000000000
0x8141f09bfb14c2e796db2393b3584bd5acbf4451,8.291000000000000000
0x81bb0cb0504054038b55fac0d0ee7cf52d57e880,45.885600000000000000
0x81fb3866cc73caa2cfcfffd54690274de3dd5332,1.000000000000000000
0x820542a03b6fa6023cf4c4d86abb1626e79b7757,79.836300000000000000
0x820f9cba039c5530888c06b3fea70409148f0140,6.075600000000000000
0x823a7da72f3be059dbe02781431dc86a0bde709a,5.000000000000000000
0x8267b04c9f15e666709ef01c0e75d7b7439e7c15,25.461800000000000000
0x82815f3361429355002b0d283dfa6e258815eee4,48.200000000000000000
0x82dc22ed69a048b4ede86d2459dd844ce7968909,75.807400000000000000
0x82e7efc07db5018a07cff84a8f7d9064927f7f28,0.704700000000000000
0x82ec055b2b676e7cda8c68b466642a48a202027a,37.597400000000000000
0x82ef0cd01cc7acb00698ecd72d6d2bea33137fa9,4.198500000000000000
0x82f97cfc6c0eeae9cf0c6e46fa0a0f1dc642101d,4.203100000000000000
0x830f91912edb8bb791588faa5c5ce00450ddc2cc,1.598000000000000000
0x835062e31323014d37104c627ebaa211421d9d26,3.390100000000000000
0x839b1650db5a4ba4c92aabb9942c3dadb07f80dd,68.401000000000000000
0x8420291518c6da7868e9e2ae1df339068d83dd03,4.067000000000000000
0x84260b3cf8fcbd0433ad0313f16eaa01df2b1ebc,16.364800000000000000
0x8447d95c1ede5d7a8775ad507cca1d7a39667b30,60.422800000000000000
0x849be581a0506f35fe70d48f8107411b60d9bc83,22.319800000000000000
0x849fc846652948d20452362059f760635c1b260b,75.838100000000000000
0x84c4bfc035042302d0111db623eb8239a718d654,51.362500000000000000
0x84e714d795de2d22d7a4239a10cd07e8774d021c,9.500000000000000000
0x854177cdf6178df1603d717f3663000a8c3ca149,1.831900000000000000
0x8567ba525c5b2691d7c780202375a342e9c422d0,83.589300000000000000
0x85b346a500e7d912e26f85eb617289a056ab417c,31.485800000000000000
0x85c33ed72ba6845784ccbd99dd2db1149e635fa0,20.000000000000000000
0x85c46a5870f4d60ab17c7c1b94f3b9ca4f1ebe69,32.000000000000000000
0x85c7fd92b60bd568c2cb1be6105b222ecdbe951c,52.200000000000000000
0x85da8ea3a18c32c5f1b9f83250838625a4eebdd3,20.399900000000000000
0x863bfab895d4defe74f03e913f3d06f253bc0b39,98.375200000000000000
0x8641fd5fd98d6df652a499c87e2dd1e91e5c71fe,41.525900000000000000
0x86704b59bc71a44e39d4ea267e96c5963b6026d9,14.480000000000000000
0x868e6cb354d1fde30e8e7fcebe1afeaed9ff28ce,46.812700000000000000
0x86dd6e0ce948b32a77171a6a5bf2417923e7514a,69.265100000000000000
0x874352595d344aa86ce6757b35a325d0a3a6d5da,53.353700000000000000
0x8751eb346725d3df93afdd48c76f32135570dce8,48.935500000000000000
0x877fb5b84687ebd0c3f2d5a94d461a0d753f9615,15.000000000000000000
0x87858cf2af5c4c1a4f0403c1b3e14909418e20ea,12.470400000000000000
0x8792372ace9ecd370c3289e688585715478194c8,16.588600000000000000
0x87b8556ec0ee1e2c5ad74900d24a4ccc44370aef,41.427800000000000000
0x8834425276200135b6f860c39da2bf36dc6bd457,0.200000000000000000
0x887f3eaaec70fa962567e6fd1135ac7d5337b9f8,6.495600000000000000
0x88888333362420a201a7e758656d4790894918cd,50.000000000000000000
0x888c5dcef66a01a7d5db9a01c41dc718bf51d8aa,27.171100000000000000
0x88a486abfc912944af649eed3293f02b25b2fa99,46.800900000000000000
0x890b2f574dc380dd6d2be2848e70d9281b44a814,10.000000000000000000
0x890bcfe9e0864013b16285a6791002f622dedf21,7.821700000000000000
0x890c292907404ed53bcacd426967ad7db6812030,56.085900000000000000
0x898ec7cff66ce9b3d2591a091b2d35e19a3a7f2f,44.525000000000000000
0x89ef933432b7b7ef6945a0d2b1508df5684fc496,11.848100000000000000
0x8a0992b80f5d642ee8f2e49a4838e21d555aaebc,54.538900000000000000
0x8a0c532edc477159b5add83335e0a77f0d805cf1,6.677400000000000000
0x8a3718f3fcb92654b90f740c871d0a86c616061a,10.996400000000000000
0x8ad723fcb4edd77483dd0e5c0b33e8e340ad4afc,10.291400000000000000
0x8af10ddfbf63863d581ab381755251dd2ba5fdb8,37.973000000000000000
0x8b069d1869df126fb33346fa11fd11bc932db122,24.568500000000000000
0x8b717222f9dd9ed0f5649f10a7eb5a629cc27cb7,67.860000000000000000
0x8beac2d863c81997480eb44c2a56ecf7340ad25e,45.000000000000000000
0x8c2bed2714b31215479f9a470f949c7043dfee3e,29.463100000000000000
0x8c6ff4fc2b24ad040f4906cde574bdfd0dfdc27a,68.650900000000000000
0x8c716a409449c29f091ea898bb23a8c85e5d8227,47.856200000000000000
0x8c9532215328d04ce49eab71fd317b4faa2f7dd7,50.000000000000000000
0x8d502828bf2ef966946c0fbd5b3e7c5934d9d87d,84.500000000000000000
0x8d5561566f548e5aef3b6b8404377bbe87739ed5,30.566000000000000000
0x8d56512849b2f3a141eb0365785ecf03fd9feb5c,12.781600000000000000
0x8d826d9d8235353fc5d692c6dc7c904054681f0d,14.000000000000000000
0x8d91911d625db9a69e8c321770a645b1d1422a89,60.000000000000000000
0x8dafb3ab4a05e70b44e69d432d3569438ce59e9a,89.500000000000000000
0x8dbce5563c2d86857a7d559453282f315f90bfb8,67.505000000000000000
0x8e2f53a818efbd099812998b1172097db44de734,34.834700000000000000
0x8e4f2d00ee17ee8f0f44f5021c86b360dc87e730,43.795800000000000000
0x8e72baac31ae395c6be3c89fd7091eb198b3dbfa,16.783100000000000000
0x8e7e0e1a665b7d395504af99b5a580d3801caf3b,0.009100000000000000
0x8ebb10b6a077479c03b945a2965b62e153fd9aee,51.508900000000000000
0x8eca76f08f6115f423f7eb7adc8f9fb6a40bc9a1,31.882900000000000000
0x8f1a134ee8bba4c41a628e5385643706e16a5baf,50.000000000000000000
0x8f87cff17dba0b17b778aee20ea5c84ca737a92e,19.000000000000000000
0x8fb7ae993198a0369efe959ec99b6674cf672731,3.584500000000000000
0x90033d5c402315219f423989d74048e53937f56b,10.800000000000000000
0x900584b11461467d76bf10ef30723ebf5738abea,1.093400000000000000
0x9022840fbeeea4dabdea6a9365938cc201a75b35,51.164600000000000000
0x9057619ae324af20e415ff99e98066edcf46d726,92.206000000000000000
0x906406e505050be464e9a6560c5bd289b25e3e45,16.513400000000000000
0x906a28358dcfa4f95c518f7a3948f6cbae64a5eb,9.689900000000000000
0x90c3d99558fba513386531536f25bef7ef881c66,83.670000000000000000
0x90caae9cf45bf96251affbe6d29de3dba1f42c29,41.630400000000000000
0x90fe3b015c0d82db3f1d0d2f9202cdb348e23bb2,69.775400000000000000
0x91bd674fb6b21a2dd0a5811b96b23bbb9bc4bd53,40.357200000000000000
0x9216514df7a9e7fe2b8008248a1b9c02797bd452,0.100000000000000000
0x922e44affeb44d1b4646efe5fb82d574dfb76ed3,8.239900000000000000
0x92568fa5c2bf4fe158df0b772837ee04055d4d08,8.230900000000000000
0x92da9a6d33cb3c8d0bf7b652c1116c8c2d98de96,1.528500000000000000
0x92f13589923fe0d06c5a3d54b16630cf8083e1a5,5.500000000000000000
0x931f9d39ad27698f8005e203699c970db80b3a5d,67.532000000000000000
0x9345c5a3db5a37bee725b0b0d715dff7f24a709f,38.363300000000000000
0x934c99db985f39c541d6a97e00748b2c873dcf53,0.007600000000000000
0x9363fb264ffb513aa12264e6596d9423b1d3c493,47.095800000000000000
0x9364b8dc0a6b453f5825635a822630f6b03c420c,12.840400000000000000
0x93b53d85e3a0aa313025a1796f91a602da1ac299,26.072700000000000000
0x93e109299a75656eb360f2eaf976f2ee1593919e,77.761700000000000000
0x93f318662a29cd264c74c42b30c4f78c13a7d23f,92.824600000000000000
0x940c6704977ce7bdf20844bcaecc9805d153b97d,42.924000000000000000
0x94590f6bea1ce5c3c09c0a52ff29d25c66318c2f,19.828100000000000000
0x946d4af985b57b01c9b966b79440a08e8dffa6b7,1.000000000000000000
0x9477484e2dff1a0d468c2e4eca7d50a811322880,9.500000000000000000
0x948276ff403e59844796d5ba50758bff266725f2,11.006300000000000000
0x94d3074debc06bb298a5b7dbb10beb962163e3aa,30.956400000000000000
0x956a18570d0ead98037ec64b7db1ba23d9cfb29b,52.600400000000000000
0x95bafe9ee5f01262bf3a70ec6c9723a39de0bf2f,6.767400000000000000
0x95d8068d5507be4ff3930a21e29480d629a940ef,1.000000000000000000
0x962c19a59f7596b965d1284d7e3c926d68c784ec,54.120200000000000000
0x96b2ed3e16d0bbafdf890344d18b321fae6f2149,7.533200000000000000
0x96e0c458d07b2e6da5feca230f530974f309879f,63.302200000000000000
0x971a0cf8e5d973c233a9070c7d913406b4812720,15.076100000000000000
0x9735e5b9ccecee07024bec69dec73af2151c4645,76.948700000000000000
0x98006c04c24abde3810aef18f92aec614f04c572,33.577100000000000000
0x9828aef6738de1eeca52477bd739bab69085d7b1,27.571000000000000000
0x985d7d094ec00e5dd3967326cc3cfc6fd07fbad1,16.600000000000000000
0x98844681b7e3d919dde22a658216c5d912d7c9c7,14.391900000000000000
0x989432b1c7870e99c715c730033569ba06599d8d,2.000000000000000000
0x98b15dd1c39917d09eb0b834552dbf67a50c8099,35.000000000000000000
0x98e05bd06c25cb624c36649c6876ce6a17fca0c8,64.956000000000000000
0x999d603e5616418d7077b5240c74bc7839050527,13.500000000000000000
0x99d3f1de30da4028dab69e45583f0f84cebb6c61,79.216500000000000000
0x9a0b3968fa0a4ee9a9a839ff043465d9dee01fad,24.475000000000000000
0x9a4a8bc5971b7f0a03bf6246dda0c6ad56dbe83b,50.564100000000000000
0x9a61ad38ca19c136d4c0faf1020a99fba6e555c0,15.014200000000000000
0x9ae747206be6a9fb65bc5fc170e44e972d4b3ae3,19.800000000000000000
0x9b3d2aad50b37b8f692319f2b152a52709d22a55,48.375300000000000000
0x9b80dd487fd68466f1516026c0c3e5208b61f941,18.890000000000000000
0x9b814fa9d7bcec34cfacc9001fd891687e78fe61,11.357600000000000000
0x9bf60da6e006364a491249ce79087c3edc5d5520,0.004800000000000000
0x9bf622045617c0f5989758baee818aba1323ffef,30.519500000000000000
0x9c60ad07099bb84d8936bbd90dde034e6352b51a,27.207200000000000000
0x9c73b7b95d3b86e3d90c1e6ee4acbf63b04b801b,35.836000000000000000
0x9cb8706d4d97999f42f868f28d2651735021cb5e,74.500000000000000000
0x9cefcd3fb4ec9366ccbd775fcc46bdcb041c011c,48.442500000000000000
0x9d57193925ff8b59eb254188402b37c50294d7f8,15.000000000000000000
0x9d8e0ead75a6e7253b6082e9c50125c01070ebb8,7.940000000000000000
0x9df77f1345f0406c0f985366bf9bed481ee497cf,18.742800000000000000
0x9e2ecefe2d7b2318dcd75f4f251a10927fa0e1b1,34.925500000000000000
0x9f32a3041726239cc3caae163584711f127d24d1,67.950300000000000000
0x9f5b4dadf09dc529139b1c4edc9cc1730854d808,84.271600000000000000
0xa01fd70bee289fcc8fc3dddd706afc23e7574a7b,59.235900000000000000
0xa07b6820da0d7dda10771b37ab97219bad56d564,98.237000000000000000
0xa0c22a42b8121ccf687a2613cccb718c2a0f1ca1,15.410800000000000000
0xa0daf7893d0ff1009967a67cc20e46d0efc3708c,58.000000000000000000
0xa106859fdc75507f2e64b6568676f7baba8c9230,9.000000000000000000
0xa137b31a8b43ea0c45d43b8d61cc5940ef6aa213,50.000000000000000000
0xa13c7fa11d1bdf5dd0eb7f265159f238e01f2dbb,78.642400000000000000
0xa14aba3f6e9f473914c7b9ee5cf563898793ac0f,29.600000000000000000
0xa18600324b1812515d23470cc717c4a779a6fe21,20.784200000000000000
0xa1b9408535c5f97fe492ba685ca2902e2d714708,54.045000000000000000
0xa1bca25a6ad97c9d4ebc9d3060df16003c6bb939,45.923200000000000000
0xa1c96ff0cbee3768cf3657dad969947ed6145705,2.906700000000000000
0xa1caa29b9a77561248b05047cde74f4605da6af8,25.000000000000000000
0xa22b12210bdd7a7263f542c4080ab87e0f0d0d27,1.049600000000000000
0xa23c333258adbd55d55c6b2b6e312efaeac2f7b8,16.328600000000000000
0xa25207bb8f8ec2423e2ddf2686a0cd2048352f3e,26.999600000000000000
0xa2bb9e5fee9dc08d54bba1c8ba0253d5b498dad4,9.600000000000000000
0xa3e006a1fe357431f0cb6f9f2c88f90be24c1bfb,41.000000000000000000
0xa3f5e9bff3ca681b9d035ac4e594ce049d1e3b3b,0.100000000000000000
0xa3f76a55c5d9390b7355e3f37933d1423736cee3,77.013100000000000000
0xa40f614e6e5b85517deaac6deba74abab9cbe7ed,48.500000000000000000
0xa42eaa413310c225742fb7087922d131fb8ea171,2.000000000000000000
0xa47f58d3d0cba2bd3b56a720eaf226916476cf8b,38.048900000000000000
0xa4e428fcd90790375d505490361ab379611ff640,65.356100000000000000
0xa5804b80f5e3d6883e1d2c8d5e5aba04da5bcde8,51.464900000000000000
0xa5a413b0e55ff55708aeefedaba885b95a28fa8a,50.000000000000000000
0xa5ca83f70ea917402e041a9cf8bc25a234ed8594,60.171700000000000000
0xa5e1a4cbdb186bb45c01a7c0628eaa7cb90d2356,54.000000000000000000
0xa5f8196f08637eed6ecd2815bab3dd1fda9ba83c,6.597900000000000000
0xa60dd9d42fdd43e91da63bd261997e14f21c69fd,22.776400000000000000
0xa6488e5cc9fd1cf9f8143ecc8d54edff4e67ae24,16.404900000000000000
0xa6512e1f28194483679adfec972c3dd86e019220,37.362200000000000000
0xa662993bda10a0dc55838fa05be6eba5f3651d47,4.976900000000000000
0xa67efb97b0ae8d98bae8224c9e8ea41979003bda,1.000000000000000000
0xa6a2b356718faf8cce70e78f06712f1ce5917d04,37.510300000000000000
0xa6c21e306842c49c4d3da9af495d5dbc8fd686c4,66.498900000000000000
0xa6d967ebfc48b6d5300407f269dc396bd05b1a11,60.809800000000000000
0xa73dac14eb5bae9beaf95476b961f3acb8894e2a,12.815200000000000000
0xa76f75205180c95cd4d56ba03244583abfdb65c5,9.000000000000000000
0xa797239a63bac0edd8e15167a184cd03721fb73a,24.000000000000000000
0xa7b6e78655c2f4233ae05a2fceaa3bcb98da5e3c,41.319500000000000000
0xa7de755fb2b0ae5f2460be5534a888035a10bd60,9.303000000000000000
0xa7f40e9afee437169853479c9ddf670ca07e6365,37.801500000000000000
0xa7fa7e7ef7f76d69e5e384173596e2a54ddfabce,21.602600000000000000
0xa833fbca73729c0b562f57a5378a2f2402b0f1dd,16.500000000000000000
0xa863841d1a0434e1dc5c690eabd2f1da61413f48,44.821700000000000000
0xa865dfe4eae9d8412ec9d12dd1d8e82460786903,16.358400000000000000
0xa8737e0e94ff9622db74f6fa860d01573ba5ef40,5.677700000000000000
0xa8f1c79ee8358c6ff0327720ee1caac7fa5a9688,4.460600000000000000
0xa8ff09cf6a3923b83ce11bc8e22c012d9eade0fc,51.635300000000000000
0xa97ec2f2f43e168e7a6430ca685b93dc5c291ff4,15.600000000000000000
0xa99bac0971f02915054cfb9aff9eba5bcc474be0,59.116300000000000000
0xa9a721d77233bb69a3189b85334e368bc11beab6,69.980400000000000000
0xa9dde1818c53cb015540c6e4779c3370cf1511a7,69.000000000000000000
0xa9e20f76a336ecc632d40361561a9050d31afc36,2.186000000000000000
0xaa4ff1a11f84016e725c554a82d5543586cf20f7,55.104800000000000000
0xaa894751741496c3b83a3cb0e7e2d9de6432cb09,59.490000000000000000
0xaaaf432e7ead73e15aef37ae7f2b393ae5613476,9.094100000000000000
0xaab78e4eb061a7b1e54635577e949d220fade51c,28.500000000000000000
0xaac0158a1509fb6bc7be31b5d30603fdcf36d85f,63.121500000000000000
0xaaf45fffba17c253a1d12760be7714e8c1e61402,30.311600000000000000
0xab6588982850b657d69b8053aaa964abf5421991,16.900000000000000000
0xab9c4e54e3e35298a10de7b6ee93d2d41a395c7f,1.000000000000000000
0xabb33e19d9febe9a8d908af72f9f9fd365b49ee9,47.617900000000000000
0xac0cc88d514b6282119f08559884b3157b9f2ac6,34.614000000000000000
0xac2a3e36c3bd402d3ad745be480156fd75825ed2,86.990400000000000000
0xac4ba07f4296d682c750d727e3bcb93dd93cac20,66.360000000000000000
0xaca68eaf7b3bda3ed8035958dbb794bcd554e112,60.487000000000000000
0xacde94fedca89a611eed822153a3a4360f45097e,80.911700000000000000
0xace7c886123067c8c474e53a1e646afb7b0b3df9,46.603600000000000000
0xacf5c242cbca749df28ae967f49b02890923afb2,39.018700000000000000
0xadde62265ea828e10ae74264ea73de7199ac6af9,9.059100000000000000
0xae2dd8527a01c247991e7171a063f56318e261b4,66.000000000000000000
0xae71719b195dd261439761a3fad2f3a0f4354bfc,44.110000000000000000
0xae7eb337bc92d826eb1712fc930f6fa27b50d435,38.421700000000000000
0xaeae7258e897d3027d872fa8ce401a0f714b015d,74.000000000000000000
0xaebc5c97ade43ab7ce3c7769a449e326999d1023,43.676200000000000000
0xaeefc91e9fb5c67ce160bb3e1b3fae8632b865a1,30.026400000000000000
0xaf209169bf1067efd3f698cd0536454cd0c5660d,10.539900000000000000
0xaf5db7ec4455964aeef99919d1d123e6235b1cc8,23.410800000000000000
0xaf8735a3b74046d154cf53c3f8f232f831f28701,44.000000000000000000
0xafadf6a3658b02684a7de81ff320e93ba9dd880f,82.217000000000000000
0xb03ca192df8080d6647583abf1c2a4f1968cf235,60.457800000000000000
0xb05b6c48f7c3f8edf1312647ed110d8e41fc3eea,20.133000000000000000
0xb083becd6f222214f190dcb19d03bbb953cdb66d,13.986000000000000000
0xb0ac8878bdad6681ff945f33a42f0e505010e941,1.000000000000000000
0xb0c633933e9e8f261ec28dda65fe3bd89134a4ea,51.397600000000000000
0xb0df9951a777530af620b5d2fed073322cf2ade7,63.517600000000000000
0xb0f7fbca6a44a75584326b42147e951e66a92081,0.599000000000000000
0xb169af469f90e82d3861596d7bfc0fd1541a0d45,60.798200000000000000
0xb17043755ee4af659617af7f3822efe743be2d99,84.843200000000000000
0xb1834e766399b476d21944ac7d2618d3d9ae179f,33.266000000000000000
0xb1cc87c01c9e9e3d113e0f498e0d9cf55a185d7b,56.453100000000000000
0xb1d30f7b0d56c2a342e0530961045af85dd01f95,11.900000000000000000
0xb208308ad61895b1b922f4a496bbbccd1d26e3ef,41.680000000000000000
0xb2330b58dbd1e78be4f98f77a0a3d6ca41047aaf,49.369200000000000000
0xb2490906d7c1ea7314a0e76f70da80f4d24dd987,30.413300000000000000
0xb25953a385158dbbcfd6519af786d2ca0d08e4cf,39.557000000000000000
0xb282057670ceb3ce45bf03e8826a5cd119bf9ecd,45.369300000000000000
0xb2826dd61f45b357038930e742ff6c82efce211b,20.227400000000000000
0xb293f6104f981b9e5fad635b1266e5e12a482b68,59.237700000000000000
0xb29542bf8031a72f73ab45795bccb1e5a1ced3c1,53.385800000000000000
0xb29ed34a465c081552701903c8f0483c9ecb8ad6,27.171700000000000000
0xb35899b650ba013fa201162735c05977d68d23fb,24.179000000000000000
0xb39617377801a3500b3b7ae918f382d0ea436ee4,87.916300000000000000
0xb3b971bd64c7e49381ecbd3f7a57aced406fd7ab,6.590000000000000000
0xb3b97cdcca6ca08e3cd999b2e41875902a2243bc,16.834100000000000000
0xb41cd96b8704a513e904d13be436b73066bb121c,45.713000000000000000
0xb43bea461069c35100771b3e737cd0a381a3571f,1.588000000000000000
0xb44661e26f91850edf535c8cacb4eb62e67bef84,64.787800000000000000
0xb4483fa3cb05c6cfe5c7160d495c79e560757619,49.737800000000000000
0xb455f47fcd6cdce7bdfb72ad8eb4306db67a1fe6,0.002700000000000000
0xb45c10f94dae2dedabe013ab1d277bbdd399ddc8,15.553700000000000000
0xb4ae13fe3e70dd7a05964e732db10d1d6b3985dc,40.000000000000000000
0xb4edc16252aecbd5d3e85ee58c94a528ad64d2ba,13.500000000000000000
0xb4fe85017a7677f018652ff3ded7df6a6248caf7,5.500000000000000000
0xb5f348e579a12d8b0010f04c5219bc446af504e9,67.505500000000000000
0xb600080b71a5295102ce4599327a53d37695df15,42.717400000000000000
0xb672cdad2a03c3c5029fc806596d948c080b2dde,10.098500000000000000
0xb68b73ebe644473aa0a66381905856238aff1c6f,43.004600000000000000
0xb69d1001aea6bb48704251b8be80e11f1ca25782,49.500000000000000000
0xb6d01c5465517e8a5bc3262cf05b38192f9da25e,22.637100000000000000
0xb6ec9a78f51a0824d2f11134aea18c641372d4aa,47.557000000000000000
0xb726ddd7f3772aba74260a38442ce9ac55461a85,8.451200000000000000
0xb77a8f5e51ac75ec1712937669d6da1fb6881b7d,3.362200000000000000
0xb7aebe6279082c8df59c2dc1abef62b13112d28d,25.000000000000000000
0xb7cc77205d9b8f5ab11cb26ac442517043cd7817,71.941000000000000000
0xb7f27c9318c599cbd3338ff62292b3a236c88d6c,30.048700000000000000
0xb8242bb54420b925151c1470bb3527bc98e90f23,86.299700000000000000
0xb8cbef6e511a4da3c4781719d531a5775dc5342f,2.999400000000000000
0xb8ef272882bf720fb789663f00b92e6a506bd5b2,2.000000000000000000
0xb925cf4adbf0c373208f8bee74b031069c61ff3c,9.380800000000000000
0xb9849375c8fe42c45010e36c4dd726e6f2893e7d,11.500000000000000000
0xb99cd307ea947b50426f7cdbcc3a87d635fbddad,8.970000000000000000
0xb9abb466321563564546a35868a79fadb2345e8b,84.266200000000000000
0xb9cdd43faa7573fb81aded6c36833ef0aa138c07,13.586000000000000000
0xb9dc0300e2713f5aa0ff22e41d612cec17243f3b,25.909100000000000000
0xb9df1ac065aba19fb4a23328784665b9b19dee31,7.172600000000000000
0xba2786b2339882c859cc764f5e79a94dde89205a,44.409100000000000000
0xba328f97518f2f23d51d5c0e0f54933c2bb0c232,59.853300000000000000
0xba3da81c38600b7dbc889ae51abba3fcf2ac3b0a,50.326300000000000000
0xba7e2b16659483882d7da48a53f29548ac0ddf34,24.571100000000000000
0xba945b8c6f13e22d880a483dfb2d8307c7d9b6d8,7.676900000000000000
0xbabb96aa752d07e62d55e4c16ab106ff404dff76,18.812200000000000000
0xbac0e10dfaece803f3fd0c850e499f8fa58993c0,50.121800000000000000
0xbad63a891b2992cd40dafef0617c19049a2af075,13.600000000000000000
0xbae51e36a621a723cfbffa0a763daa12e4b5f659,42.565500000000000000
0xbb5c32ebef06c479eac689b8cd61d99cec4caab4,92.395200000000000000
0xbbaf97a5711c91bd57f33f26df0e4cc66749d7ec,1.500000000000000000
0xbc31d9be2a2ec86b42bf87d23b6ad585ea08e928,8.249200000000000000
0xbc3da58385308949e9d0c69ce3d23fd7bfbb6c52,6.657300000000000000
0xbc4904d93397b37263c9f5c8323f5ff7ee42a549,84.494600000000000000
0xbccbe87f3e44000f0de20aeaad4eed4a9bc57cb1,63.357100000000000000
0xbce5e70e46a199e59dcff8e436be2dbd4f8f11bf,0.100000000000000000
0xbd125f7c40e252a090871b865aca471f5cb8ee01,12.072200000000000000
0xbd64ae92049cf8d7b6166bd8c3e8104f5a55dfe9,92.407000000000000000
0xbd72e76a06fee6fd57753d54b31c304d3f9ddf0a,83.107600000000000000
0xbd79b801bd8ade13132eb9c89fc6d1289730e7c6,1.216400000000000000
0xbdb2bafa7cac86d2f7e2c3fb6f9ddf023a93b462,50.191500000000000000
0xbdb4524008d2ffac40bb8c8844940e27302bb10f,19.480000000000000000
0xbdd73fe14187c731c974853115132b75a757e76f,32.507400000000000000
0xbe03add5f97eed0fdd33b8eaa297cdb410e3b1f7,7.872300000000000000
0xbe2a374682a5a5d367f73cdb7a5bb4778714af46,51.698400000000000000
0xbe943a7e4d5a8192720fa2ba1e86ad6f5bd3a7cc,29.353700000000000000
0xbea0b45c9f7894536d751004111db47c96708353,15.484500000000000000
0xbf2ed3ed2b14fa2020b6e0d24ec1d2b0fee60626,80.275800000000000000
0xbf3c2c2c8f7f71c4e57883ae9bcacad60c0465e6,57.812100000000000000
0xbf51eb6749fe32dac29f7b5ecdd2931be1666069,3.185600000000000000
0xbf667267ac288e753564a1454c5f6a1e34ccee6d,19.895700000000000000
0xbf8615d1dbfaca7899add11835d1e532c10f613e,3.828700000000000000
0xbf8be481367adc58e0baa3647742947b0ae3b269,64.537500000000000000
0xbfc14746323db8272377fa8fc8cf6757fd48e76c,4.237800000000000000
0xbfcb95fd6a46941389fd52d2d70771dddd90dc66,67.320000000000000000
0xbfd95641eade7b530308b9fe697109f9dd86c721,37.092400000000000000
0xc005fd3e284579e60298c0bb9a5886b7a94386be,50.536100000000000000
0xc012de94d6b357e54fcd369922ccf1449812cdb6,70.136300000000000000
0xc039569d519f9eedef35405189884e15bb60ea03,10.000000000000000000
0xc03a957835c111c82a3a0a2f3dbb408289fcd18f,17.715300000000000000
0xc079eb1c4a27e24ca04c108d85b34d7d0f84a49f,39.823100000000000000
0xc083d0b6b6b72db9eeabccfdf7d406d662daab42,0.791600000000000000
0xc0b17fc7a0f8a532e40eb269c2147fe212a85db4,57.610000000000000000
0xc0c8250ebeee1a77b68f964b5ac008e3b5eb30d3,5.888100000000000000
0xc0d87be8f2c124e98518ca6254a7e0140dab1bd9,29.863100000000000000
0xc0edc9b00f8b50b7deb3c617b50752a30e8d1019,6.000000000000000000
0xc0f3e05e12306628d14b6114d6d978ad61837734,19.580000000000000000
0xc13e0700d30ee6de8b9309e8aca1ec9d52698417,76.342600000000000000
0xc1ab916a5a96c2067e10e110ce43ec34073feb20,86.679300000000000000
0xc1b42faaa89d70caa1ddcc515a59b298b5f9c633,30.832100000000000000
0xc1be69e3425f4b6f1987a4dddb7f16207349727b,84.000000000000000000
0xc22503fa85ce5f588d44fe6251d00beac9ae11d0,39.359000000000000000
0xc23086d61d8b4329256f1a70c56c0ec5d42dadd4,28.007000000000000000
0xc244dff8fb39a569e9e5613b4e72993fbc9bb78a,78.050600000000000000
0xc25ade161c75826f3c2524ec7d0c84789a1b6a6c,5.594000000000000000
0xc270583d1278c05a847f967bf0506c2f227515c5,49.623600000000000000
0xc2e40d9bf5d005a08624fa714510c362fb593dcd,51.950000000000000000
0xc2e7a161d92cf6591f8ceac42e31d0f3275db017,9.500000000000000000
0xc2f42dd7ac3c6e5ab01368080e4e57742ed69a27,9.868300000000000000
0xc2fc1b9e20865b4bdf8148eeeed98549d6a4360e,16.923200000000000000
0xc321ba470be132d150b3d0f8ea4cb8e8c7c843d4,11.664800000000000000
0xc339c7d2680b4984e282d1886abe94fd3f824c95,10.508500000000000000
0xc3894f8dc9ade3096f30788dd7a265be68754ada,4.228400000000000000
0xc3cde36676b9a329c0bc7455de99d00d898fe694,93.042200000000000000
0xc430f5f1ff3334e27f1734d368ae9160bb48fb65,30.078700000000000000
0xc48657b6f7e7c475e6411d56f9fe25bddfcf33c7,50.051200000000000000
0xc4c3ee188d297eb8cfa14040ba199afc820d95f5,17.135600000000000000
0xc4f3086eff64dcb95914cf13dbf07f9a11e6e23f,72.971000000000000000
0xc50f89163335368ade92d20551f20e6d33ada401,76.226400000000000000
0xc529395f0ff12d688a7161223cdabe2f7cf84400,43.700000000000000000
0xc57229925d94f97906fe44675b98ddaf98b91be3,13.704700000000000000
0xc578e5ba6962f59746261b507aee8b9520acf674,21.019400000000000000
0xc57a537d36e318c7434f69b33fab29bd667b6f84,29.270000000000000000
0xc5da6181e0722e0c1d24ef805f8efd7bf8e2f860,51.613800000000000000
0xc5edc6056a7e3f0254d0fbdef270e88dcab83957,1.739500000000000000
0xc607e808ac974e9c1214d63141e9c9a60da52ae5,51.397600000000000000
0xc668f71c56e1f4b3cec0e78c2ae3055b8a6ded98,25.000000000000000000
0xc67118ad3d5ed15a890a2fb9a031fb9de8059322,10.828700000000000000
0xc67f30c22c7aea92926f5b57109c033b2bfc2cf0,2.005400000000000000
0xc73f2ee6909bc0f6753ad988ba08b829bd1f626c,26.509700000000000000
0xc76975adfea4c41be9be36e6ed1463b3d31566f7,32.989800000000000000
0xc79275699c5d2e3ba753f6944ec147d398556c13,62.300000000000000000
0xc7b28ad7367ce6b362850108a16a9089cc0e4e7b,10.798800000000000000
0xc81ea05459e1f6f3658348659dbbaed00d68f443,82.790900000000000000
0xc823e72409a1b3b83c53413e7941fd66eb064d78,41.458000000000000000
0xc83c31cb6310564ac55a708eb107ce84e5089d81,78.926000000000000000
0xc86acae1fdfd6c1e8a3947964e639b565081ebeb,66.436100000000000000
0xc8a58bce6e812517b90e9aa37189ccc3eecce3a4,3.430000000000000000
0xc8c633c1d22ec68efb42f45a1b3499b2baef36ac,73.077100000000000000
0xc914db848377db1bb34907d5fd2cf2b06e204900,50.229000000000000000
0xc92fd1c733266f7b95817e49b3517ddb7e69cb5c,31.625100000000000000
0xc9c4eb6053ab921c0adde9306452277b86e4113a,41.291900000000000000
0xc9d25b9a3496c776688833d6ccfe507ef4f41645,52.456000000000000000
0xc9e2dcd5821d4b00642bf85e78b0be683b0a8310,24.500000000000000000
0xca18c5564803bb4b345084c8f57e8c003536b9b8,74.000000000000000000
0xca1fd1ae73475d58437bb7fe8801c9425799a20d,12.690000000000000000
0xca388a4a0097ca3a4a5373594e5bd9ea0c245fb6,47.199500000000000000
0xcaa9d61fb19fada834ef45fd5243a8a6950d1903,48.993600000000000000
0xcac5f7f647edc4eb239fd595dd8360cb2bd0fc04,70.687900000000000000
0xcaf3cebf011a02c134fae4686a986f3a31f20e45,44.666100000000000000
0xcb52cdb445bfe24796f926cf91384a8b4e6849f9,19.878900000000000000
0xcbb6179bc135d5aec009aa717de30d9e4e7cd2ef,18.994000000000000000
0xcbc70ba976225977c20ee3d2a77e7dc2e7a19a9f,51.600000000000000000
0xcc87e5b55798898f3c79a688fd5616b01ffe1bf5,68.982000000000000000
0xccc67eff603afc4207c3d6b7ae6e44a4462ddd0b,44.155000000000000000
0xcd1356796d18dfabbce12767e92e21437cc79348,26.587500000000000000
0xcd3a064e5eb98a1d81cdf74e81deefba437dabea,86.100000000000000000
0xcd61b493f1900ca61cb827230fc2205068695173,49.743600000000000000
0xcd7e7b54652880d05cbcbbb34646d65e4342d973,22.476500000000000000
0xcded500139bf845a41cf7de1e1eaf251088daa12,81.682000000000000000
0xcdf6c58946d6551729058e70d5d2c67a38e4c382,9.135500000000000000
0xce3a0ba7f4b948d7a75d9788b1a1b061eda3d9e2,73.272000000000000000
0xce4d7442ed359346a991ab7852c7f91f5474ee91,17.745900000000000000
0xce542c27a294dfdc52074c335235a70bb7a6adba,32.168700000000000000
0xce558210e133e4d88d47ca0866f6f5c3ceeeea02,9.130000000000000000
0xce5d35b16739e8f0b3b555c975d8149334d27698,8.740000000000000000
0xce9bfc41ad942bf22ebe26416e8ae0e261a2ca2c,72.217000000000000000
0xced0772452d3c7de0a2899eff026c61a03b7819f,55.901100000000000000
0xcf12306bbb79a4dde50f7911c8ddaaaf3b9b87ca,28.333000000000000000
0xcf47d188305d7d9d9377d512860791ff8ed0ceb1,26.132400000000000000
0xcf586b3b4e792dd23b1f3c840ace2bb3ff169dc3,3.000000000000000000
0xcf760a9d8de5cd2a6a22f0c04e069c972c1444c0,55.048900000000000000
0xcfb7c53623365f57dbb92b9e47e6d546809467cc,6.901700000000000000
0xcfbc810acbc8cbbebcab50e7741d69e0c449b04d,11.464500000000000000
0xd0e0614be78c32dab4f962664f057ee2f443d438,38.920600000000000000
0xd11128501bf742444103b1882624e0d3d4eb6760,15.812800000000000000
0xd1122dbe7236eaa9ee6f2246217588400faa0e71,2.234500000000000000
0xd147b8a4dccdca690c3c5164ee395322c82dbf31,29.000000000000000000
0xd16e928a38cef20b86129f5ce974556dcc431b14,13.643200000000000000
0xd18c51506542366fc451f94db76efc6579afb2ee,30.516700000000000000
0xd19e866bddf2c23e1d4787022cd836767aaa39d0,64.076100000000000000
0xd1c471ab6def3ee3fa301681992b89a513b87ecf,12.087000000000000000
0xd1c5e4c83a502c3c41a5e7308a50eaa77932473a,0.100000000000000000
0xd1fecc0c5436ee7a9981fa024d4af6dea72da50b,37.787100000000000000
0xd20634a78fa0e98104419a63c278648cccff4ce7,17.589600000000000000
0xd2b6cacf0356d5a2d54f4cf9b9c38521f23027ec,37.448500000000000000
0xd2fdedada0ca716f54db3df92de31e0749fcac6c,52.000000000000000000
0xd345e5a22a98c8ba665232e044abeb02daa3f0da,51.109500000000000000
0xd3bfcdf85cb6bed65bb42bac16e22435c17ccf1c,6.017000000000000000
0xd3d27b35bf301b9bcb01e0784fe9fd1ee80eb04d,65.674100000000000000
0xd41d747d642c15c33154ef93bbb7c2e7f0ea4d77,37.435800000000000000
0xd444740ae20719cdd316ae2b3f745b71eb76497b,33.658200000000000000
0xd44ff9b082d860f73e4c193902d37404cdf9900e,31.467000000000000000
0xd4d5a07c19ca9355a6d13e0b40e66b57ab00e71b,21.815600000000000000
0xd4ebe7e2b2147118619ba46a7150dd8b1b362688,40.000000000000000000
0xd5418e91a02dd4648e280c1ca6a0fef698dc2923,2.000000000000000000
0xd589a76057cafd12ae1ca57da7caecb4e65f6a72,68.653500000000000000
0xd59d7043b1e10e337aac6cb57a0216085badd7e2,34.396000000000000000
0xd5a9bcc55457fd848a06a7678435ec0d5d31256b,82.318200000000000000
0xd5b491fbb1ab31b62709eb098f5c960385f43fb8,6.533900000000000000
0xd693eb59ccb9320e4071d4b7e7b43098b8241407,4.500500000000000000
0xd6e199a601fcad58f91cd5744ba59251d70dc799,45.350600000000000000
0xd70337054c7bcc1218af0316396053c510540e50,4.174000000000000000
0xd7039c7cb1ce62da25fe51365323cde3c10e3a75,57.921000000000000000
0xd72c37d9667f612bde20c8a1700283d656d0571a,1.925800000000000000
0xd757152cbcf46a5db65f274b2a40f27f8b9cef1a,74.361400000000000000
0xd761856d0794dbcc4db76db7ff82a79572a2de25,25.575000000000000000
0xd7700b67755d5403e39d49ee037ff95309530d36,25.000000000000000000
0xd8228912ad452e489046c0bb4e0399afeef82ae1,5.160800000000000000
0xd855c9fc284705a07136066a9f756818e8074a00,2.500000000000000000
0xd85f40e15ae8bf027e6843487e5013f8707acaa8,19.543200000000000000
0xd96c5cac15b08feb72d1e6f0ec7a4db8655fd444,87.904100000000000000
0xd96ef1d801ec2c2b3fc74e4d0a70c5a5df5e2244,13.051300000000000000
0xd993c876536e49b3e22a620c43f4d5a10ee3ba05,55.267300000000000000
0xd9d3fbfa931ada28a6f9330754c50babc118c673,9.000000000000000000
0xda8797cd9371133735d0dc030235d1d24924af24,59.848500000000000000
0xdab530cec6b9bf87409c4182f3ce1beeacf0f3b6,17.600000000000000000
0xdae0567834c3e04b62e34ae9c12820c96837cef5,63.448000000000000000
0xdb1cd1dab5989ab932889cfda0d35f180b0f6de0,72.371400000000000000
0xdb9f89dd46a8d051a5e2c5ab766497049e3fb37b,43.173400000000000000
0xdbd5512509e4afdd99a0372e1cab849981ba09ea,55.444000000000000000
0xdbf50d118f4a81e02ba945b9a07df539cd32d771,9.799700000000000000
0xdc13ab7d17fd623651e98b8157b63aced0f14f86,29.609600000000000000
0xdc3c7de4c838fbe6ac41a6262511a4b2da801243,43.929400000000000000
0xdc7efdbbe4afd15c3385d1156b371333550fddcf,7.665300000000000000
0xdce93bd9d56a9421c014d696e97acb4cff703b5b,14.790000000000000000
0xdcee18e4ec23342fd62756f4b184c37ef925217e,17.844600000000000000
0xdcfacaf226581ebf4de22a7c584d92ae62fb9603,5.000000000000000000
0xdd0fc23b4cd532023902e07a5513542d90259911,90.800000000000000000
0xdd614f99a33a0128fca42620767018bf2df8d841,65.440000000000000000
0xdd75881d0e345bf5e595f30782da4c8d79f52af4,55.500000000000000000
0xddd3af90d8fb78f6fe8beac3d89921d790b75bf2,35.320300000000000000
0xdde8fcb76e0796b6d2f2ffa450573f02bb32ff4c,12.197800000000000000
0xde8971308f18d3665ff1aceedbba2397e996182c,99.500000000000000000
0xdec360ea16b88b405cf713d17d45e0538e525e85,73.310300000000000000
0xdf3ccd65b233bc5109fa6758826469c9f60db55d,12.257400000000000000
0xdf9cee5eeef47d7ba73123146388ffe58450fcd5,10.992800000000000000
0xe003a9681a3408177aa3fad050761b0ab5a8425b,60.106800000000000000
0xe038b42844adbd2464ce469c5644e8710cec06d1,62.600000000000000000
0xe03f1231b447e952b0e15394d9932944a9a8106c,10.343100000000000000
0xe06294afad638dddbe56c574c3fa32bb2f39c21d,40.267900000000000000
0xe079d0867fdf91bea76857ddcb41a7cc3673ad9c,88.000100000000000000
0xe0bd09e809a26cddcc7ce3c9ec4945d32df49741,98.700000000000000000
0xe0c7038022016221044760497696d94142fbb9d8,56.096600000000000000
0xe0dde9d16507253b20345cf35830253a104adfa2,37.988000000000000000
0xe10d838cbcd60e2565ec3c7a7a222d8d7dff3e59,34.444700000000000000
0xe11f69ae1b6d72f2303b19205ff8c5d8c58ea4c7,86.085500000000000000
0xe1eab112acc7181b3ef6c36e1e16a92dbb0e1f79,19.580000000000000000
0xe343608f116671773b686b3cc1431e19870c26a4,65.858600000000000000
0xe3ba49eff2dde324babdd90528f93c0e93ad02e8,45.094500000000000000
0xe3bda3fadfcfd24159e9a28e4ef304fa5ec0d8bc,17.080100000000000000
0xe3bfe30249014a116b11d2a29873fb98227207bf,33.561700000000000000
0xe451df647bed07df3063dbb95634c43788eb6f22,61.361300000000000000
0xe49fb2211ce31a2f04072bec7e992c91384090d3,68.223800000000000000
0xe4ee1802d7ec062067a38ad2e0e71fd179cb0b92,57.613100000000000000
0xe4fd401641f1d3abdf24ccf6ca2c9000bb22354a,79.823100000000000000
0xe520777c764a5ce1a5e98bc0402c2645fc7b8eb7,68.841500000000000000
0xe5f4fa4e83623c883106e5cd058a2a50b3eeba64,66.950800000000000000
0xe5fcd8ec0bf139756ba09cc5d21f25861265e639,64.771700000000000000
0xe6149f70ccf05d1f1ea4ea328eb82b7f88b6a840,14.148400000000000000
0xe6249157c8606bd62f17685d0de2f77133df4a22,39.600000000000000000
0xe651a267236cf9daf3b2611a9c94cf49dea72a2d,3.096500000000000000
0xe658bbd5003e196b05018056cc76906c164d8f01,35.189500000000000000
0xe68fc20d0327858fd02e5d4edfe14c02a205d803,70.000000000000000000
0xe6ac93e4c47396ee189dbb8bed4bd95b6df4452c,1.999500000000000000
0xe6cf29647dd4948ca88cdddc96e1b81a7f2b90e7,69.118900000000000000
0xe749bfe329766a98ae0e2b22cd649dc8dce597fa,25.345500000000000000
0xe770ef13bb9d1abcd719c87c7b26fb45cd5fb4df,53.265000000000000000
0xe7a334cd7a2d5eabde28426fdeee5d003f91d292,66.750500000000000000
0xe811a08a8961d119d6baeb1a50e2a7856353ed9d,27.999600000000000000
0xe822560c7caa4e39d36e9aebd3e0a79322435f5a,10.300000000000000000
0xe82c730777b32180540350acfdc4b64f89bae7b1,23.060000000000000000
0xe85e6257bf9ba2a8a99bf6fefcb7eb841cf7c146,98.424200000000000000
0xe864c9f18c7f7c05c828ea2f082697fb388cbb82,26.361400000000000000
0xe879115fe9642fabfff5fa8660d72024706346d1,8.460000000000000000
0xe89996ca22157277b4dfebbbc2d64f0e7a06b42a,53.525900000000000000
0xe8b8c98ef18b881c23ad38d3af956d124927b5e0,23.628200000000000000
0xe91baf2b5cc2c619b14e3528b65cfeaaed1c28b9,81.268300000000000000
0xe9ad11e78b4072eba152aa60cb8d90fa074abba8,24.000000000000000000
0xe9c6767e5d3df3121986461db4e2599f0e28cd56,88.530700000000000000
0xea0ce2191f264784197b2028d4ad4e4663075efa,35.000000000000000000
0xea5e277d99f7a9bdee3fa30f413cbff1ac783cf2,46.720600000000000000
0xea5ee0efc841de938e5358a632be6a8ff7ede896,3.000000000000000000
0xea927d69942ab849f98b8d4b0eb2061634962566,24.608800000000000000
0xeaa6e4b3ff32be55cfa20e3b2d807332656643a6,13.360000000000000000
0xeaad745ce70fb10d74b6d26a6ccbae775dadb33b,46.611500000000000000
0xeab8a89eb148cb71ae9fcd260c85fb122c6da6d2,23.599200000000000000
0xeae20a0ae9958c0e704400ae8fcf51b8c92cd9fd,1.925800000000000000
0xec0ccefe2b2ed11dc2d0cc472a03da002269c229,70.776500000000000000
0xec2e6f619a6eb6752666913c664616186e4e44d3,60.305400000000000000
0xec30adaaae1662f7aa025db062c0c329058d110c,32.038100000000000000
0xec3ba79bb5fcb8d57b14b5a49614eec71d0ba29f,8.300000000000000000
0xec474735ca702a37fccf7c036be73693c85413d1,85.600000000000000000
0xec73d9d8163dcbce431798fa857c340d4576839b,14.399300000000000000
0xecf0e5ee881b767d7cefebc62b1ec9e55da6be45,10.000000000000000000
0xed038f855066400cc2103bf8b4828f594c973c8b,20.000000000000000000
0xed1bb8531ccff8121d77a2da13aef270cda1a5e5,50.000000000000000000
0xed390a301e23e81870675b5eee9845a639de124b,9.597000000000000000
0xed61266b2add6a4c58a139f01d3b343b1610f15f,99.500000000000000000
0xeda2bb38d520d41fb1dfd5f5fea3b3c0b632c5a9,18.775400000000000000
0xedd525947229b9afd7599a0aabf7a97e35a59ad7,61.567600000000000000
0xee2b757f1227c696284c76fa43da68270f1591df,32.426200000000000000
0xee61b6a300b1cf23e155e73bbbdc4177c3b7ab23,91.004000000000000000
0xeec937e10cb1aef7d4a246026b0f10afcf565504,56.296100000000000000
0xefcf679643a2ec42381b0b654861378ccd5256cc,73.403000000000000000
0xefd08ce0d37e17491ce30a027ff407cc36310fe7,30.160100000000000000
0xf01897fa17a79c94ae51b36f0b80f1b3dfdd9041,69.988600000000000000
0xf0374f3e7a1f68ef768f2da2d99809ab2a4f9efb,69.500000000000000000
0xf09a3a27d6cc845c2e20dbcfa47d1764b038a5fd,25.780000000000000000
0xf0a472567815e31e6f3cc4c009ae39c4beb9401b,1.000000000000000000
0xf15066c98aecda4caa7252691d822b13936f1ffb,17.000000000000000000
0xf17e9d32ca613a6396fbb818590f86699d4037d6,2.720100000000000000
0xf180db2359c7c5e3fdb5c7fee447a581720f1831,64.455400000000000000
0xf197230e60abb24ba38e3d83d79538d9542402c1,54.732600000000000000
0xf1dd6b5f2eaceda27532e1e9d7bcf8890a32cfb1,99.899000000000000000
0xf21fc2490613b08b9feefcf525b557ecd66fb899,19.487700000000000000
0xf28e3fde0678e615430b6cb97066e0a080445e81,16.810400000000000000
0xf2d0b5a8ba439becf9f24c7c046716e666b145f7,10.000000000000000000
0xf2e0a7d3a7b68e193b338397e5e5d9d5987a3461,13.595800000000000000
0xf325a1a25c93fa6fed23e416bea6344f0c488e63,27.733400000000000000
0xf330eb3120b823a2669ebb1422315c4fd1228f90,50.610000000000000000
0xf35eb33437f8a59bcfcc061b4790e62bfd589020,23.733000000000000000
0xf38120026ba538af6debf1544a466103f9f00a3c,17.906000000000000000
0xf3d6a75ad0ec3f52719fc4fdc1b0e1b8ed164460,75.792100000000000000
0xf3fe08b9a424ba288f9b1c3ae07f18466cd9b83f,51.000000000000000000
0xf46f365ad7ecc8bdd1bf83118e455955f63cbe3a,44.500100000000000000
0xf489fa27a6f466c8fc437f255999ab89ebe849d3,11.126700000000000000
0xf4b788fd9e6b11977d056568af5d400ff8baeded,25.535600000000000000
0xf4babdf83dcc44852392398dcbc133f2d95c3e5c,10.968800000000000000
0xf4c852dcf48b34f464a3e185eb27ecdb20a1e6e1,0.000100000000000000
0xf52d221bbcd7bbc9a0fd47014ae5ea91f3f31772,7.410000000000000000
0xf55e9b45ae38a8e32fe52086969012f3e0dd87c3,46.952600000000000000
0xf5e9d0597d070689b82c8928db0c0e40e356070f,68.576100000000000000
0xf6d6ae8fe8ccd483bfd68c81460ea4f55dc09564,9.682000000000000000
0xf6ef4a41afb73abc2ca221139c4e44e14f99324b,32.038100000000000000
0xf6fdae92ba9b292cf1d8a2c770d919f8e9032073,24.694900000000000000
0xf72d79b86847500f6bb92f36eef0d3b6d64b0732,30.612900000000000000
0xf740065d7bdb3c89c01a743a40f8a12e987ffdc3,48.195300000000000000
0xf74d432523f5e30ad0ffa8c372a6f59bad64a268,16.009900000000000000
0xf7800d97ace79a6a9a798aca2ed04b438a8e7c2c,52.399800000000000000
0xf83241fb9b37cb136d28d94ece78f0a1455f7c51,55.800900000000000000
0xf849040bc0fcfbab0e71b49c1cde6e89237e8162,49.694600000000000000
0xf87846534ca3b53b4a92b2fc0fca66cdd7c0f8e3,10.000000000000000000
0xf8837222a2c95f089d0538823a4e771f9cbf736c,81.288100000000000000
0xf8a78f740d1ef78d81f90e70abc115523cae0d6d,21.540000000000000000
0xf8ddaac523922957404bc8479de2ede19412d01d,30.069500000000000000
0xf8f337140a08f8f9b63d38e5270ba77d1c2cd203,12.000000000000000000
0xf904d79aba256579bc9e52814bf3752c08bce4e7,48.394300000000000000
0xf979b53eddd102280553a85a60e35959a5cb7ac9,54.539100000000000000
0xf9a202c9137d2ec1828a74756e204cae9e64aa8c,2.167200000000000000
0xfa6099a8fa5e05a1ef697f338d86efad42b1881a,29.000000000000000000
0xfa979e6d385060fa080953f4b0f65ae3ed4c2115,31.396000000000000000
0xfac65aaacd61af3e15d62283ca96fdfab025ac31,69.727000000000000000
0xfadbce9c2c135f95c02428ef637a67c0ef05d329,57.721800000000000000
0xfaf82a67e6fd30bba63836c828a46417651295d1,58.728000000000000000
0xfb0dde7346b4ac0d8ab3e9e91fe8ab9eedf66206,11.760000000000000000
0xfb33524b03325300b0f09f29d58b81d46125eee2,23.335900000000000000
0xfb35d9f66cd0172aa415a7f2baca372d7fddba0a,78.330000000000000000
0xfb6ffe391e1a1c2084b23fd610e71c8ac11874b9,9.602700000000000000
0xfb8136f7835685560c991e51dd7d69b3c74dc3f3,36.722100000000000000
0xfba16ddc8f24ca7bcfed21785297a6a9d868d067,1.755100000000000000
0xfbb01698d6806c6fbe7ee653a3d6fa448c33cbd9,28.571000000000000000
0xfbefb6cb7577548b278f969c150ef7941c854c14,11.727900000000000000
0xfc219e1589a6218c345c1f8dc30ec0eac23d8624,84.778300000000000000
0xfc2b306d4dd5b345587d74f6b355f3e2b17d85f4,10.000000000000000000
0xfc3925cf669d1f960e901f7149865c52e790aa24,1.101600000000000000
0xfc7b088d2d15739f789a2ff62ff33e599d61df9d,93.522300000000000000
0xfc80f0cdbf4137221b2d26060329faba18a88661,62.381100000000000000
0xfd0d88ae7f9a3898edd3f75051592532f4a443ae,16.960000000000000000
0xfd0fbe7e2b115cd4f75339a5555e020c37427401,75.000000000000000000
0xfd2dedec164d1ea5599f6058f7821fca676dcdd9,13.034300000000000000
0xfd8ca56f9f6751272afaef36b514565b17e2eeaa,94.385100000000000000
0xfda3883a31152d93aaec2eefd2aa715c6d9a96e2,11.200000000000000000
0xfda56bc86528510cff61b1d4df8ce74db39c531b,72.936600000000000000
0xfe6784faad8d4d5f0ac4d2a979167a8eb37ba1d9,26.870300000000000000
0xfefdc698fe06808ed8bde8889d2953fb2c1c1821,13.920400000000000000
0xff1c08081456d375ffc637e59fbe72fe4cd7c1be,95.738000000000000000
0xff2e4d9a6a1aade7f92547a0f2d7c52edda8f5b0,23.309300000000000000
0xff73a480a8189d31315e0251064af9135ea79640,85.512800000000000000
0xffcdc30228997510452f4e0c4582f5b9a9b4992a,13.797600000000000000
0xffdf46020ad20ae56769b9fc3ba4dd0e5ac75688,0.030000000000000000